{"state":{"isStdOutTTY":true,"isStdErrTTY":true,"testRunDurationMs":9191.467191},"metrics":{"http_reqs":{"type":"counter","contains":"default","values":{"count":955,"rate":103.90071358086405}},"http_req_blocked":{"type":"trend","contains":"time","values":{"avg":15.239777619895307,"min":0.002101,"med":0.009999,"max":166.391062,"p(90)":66.0568538,"p(95)":67.89936289999999}},"iterations":{"type":"counter","contains":"default","values":{"count":476,"rate":51.7871619523469}},"dropped_iterations":{"type":"counter","contains":"default","values":{"count":775,"rate":84.31733301064884}},"http_req_connecting":{"type":"trend","contains":"time","values":{"p(95)":67.73349499999998,"avg":15.202974461780116,"min":0,"med":0,"max":166.282195,"p(90)":65.9114094}},"data_received":{"type":"counter","contains":"data","values":{"count":357070,"rate":38847.987223370816}},"http_req_duration{expected_response:true}":{"values":{"min":51.027174,"med":99.70499,"max":763.17934,"p(90)":453.1593442000001,"p(95)":524.0848155999998,"avg":173.18001168376938},"type":"trend","contains":"time"},"http_req_duration":{"values":{"avg":173.18001168376938,"min":51.027174,"med":99.70499,"max":763.17934,"p(90)":453.1593442000001,"p(95)":524.0848155999998},"type":"trend","contains":"time"},"http_req_failed":{"type":"rate","contains":"default","values":{"fails":955,"rate":0,"passes":0}},"data_sent":{"type":"counter","contains":"data","values":{"count":89749,"rate":9764.38234886803}},"vus":{"type":"gauge","contains":"default","values":{"value":0,"min":0,"max":200}},"http_req_sending":{"type":"trend","contains":"time","values":{"p(90)":0.10735400000000002,"p(95)":0.13498269999999998,"avg":0.05740085026178007,"min":0.014502,"med":0.041684,"max":0.629691}},"iteration_duration":{"type":"trend","contains":"time","values":{"p(90)":3514.9768691,"p(95)":3807.8099386999997,"avg":2339.070877474895,"min":349.496987,"med":2361.4992455,"max":4495.956451}},"http_req_receiving":{"contains":"time","values":{"max":0.620008,"p(90)":0.17210600000000004,"p(95)":0.2155035,"avg":0.11551293298429319,"min":0.021233,"med":0.102415},"type":"trend"},"vus_max":{"contains":"default","values":{"value":200,"min":99,"max":200},"type":"gauge"},"http_req_waiting":{"type":"trend","contains":"time","values":{"p(90)":452.9845504000001,"p(95)":523.9527650999999,"avg":173.00709790052366,"min":50.871615,"med":99.481292,"max":763.003203}},"http_req_tls_handshaking":{"type":"trend","contains":"time","values":{"avg":0,"min":0,"med":0,"max":0,"p(90)":0,"p(95)":0}}},"testOpts":{},"root_group":{"name":"","path":"","id":"d41d8cd98f00b204e9800998ecf8427e","groups":[{"name":"setup","path":"::setup","id":"5c0f8025f7e0b6654089e5b00e950f1a","groups":[],"checks":[]},{"name":"teardown","path":"::teardown","id":"a8a9942382e8ffe2e56ef29e664b8229","groups":[],"checks":[]}],"checks":[]},"options":{"noColor":false,"summaryTrendStats":["avg","min","med","max","p(90)","p(95)"],"summaryTimeUnit":""}}