{"state":{"isStdOutTTY":true,"isStdErrTTY":true,"testRunDurationMs":763041.078056},"metrics":{"data_sent":{"type":"counter","contains":"data","values":{"count":8423679,"rate":11039.614042091955}},"vus":{"type":"gauge","contains":"default","values":{"value":1,"min":1,"max":201}},"iterations":{"values":{"count":44732,"rate":58.62331830674665},"type":"counter","contains":"default"},"iteration_duration":{"type":"trend","contains":"time","values":{"avg":2263.023378469374,"min":190.898212,"med":2247.418919,"max":8953.488974,"p(90)":3402.6738579,"p(95)":3663.7638781499995}},"http_req_duration{expected_response:true}":{"values":{"med":95.295083,"max":5481.796627,"p(90)":166.8731694,"p(95)":266.6212841999995,"avg":128.67193979650506,"min":41.230116},"type":"trend","contains":"time"},"http_reqs":{"type":"counter","contains":"default","values":{"count":89607,"rate":117.43404461040524}},"http_req_waiting":{"values":{"avg":129.10056548358958,"min":41.157563,"med":95.294699,"max":5481.722439,"p(90)":169.9057014000001,"p(95)":274.8264363999997},"type":"trend","contains":"time"},"http_req_connecting":{"type":"trend","contains":"time","values":{"p(90)":0,"p(95)":0,"avg":0.29349542901782233,"min":0,"med":0,"max":75.22253}},"http_req_tls_handshaking":{"values":{"min":0,"med":0,"max":0,"p(90)":0,"p(95)":0,"avg":0},"type":"trend","contains":"time"},"dropped_iterations":{"type":"counter","contains":"default","values":{"count":29833,"rate":39.09750190121552}},"http_req_duration":{"contains":"time","values":{"p(90)":170.03068700000006,"p(95)":274.91240279999977,"avg":129.22303705239608,"min":41.230116,"med":95.418377,"max":5481.796627},"type":"trend"},"http_req_receiving":{"type":"trend","contains":"time","values":{"avg":0.08774396967870748,"min":0.006523,"med":0.084924,"max":2.931441,"p(90)":0.12322340000000001,"p(95)":0.14552289999999998}},"http_req_blocked":{"type":"trend","contains":"time","values":{"avg":0.30219614841474085,"min":0.000814,"med":0.007824,"max":75.293684,"p(90)":0.01038,"p(95)":0.012699}},"http_req_sending":{"contains":"time","values":{"avg":0.03472759912729996,"min":0.003044,"med":0.033418,"max":1.010294,"p(90)":0.04639320000000003,"p(95)":0.0544477},"type":"trend"},"data_received":{"type":"counter","contains":"data","values":{"count":33375847,"rate":43740.563856708286}},"http_req_failed":{"type":"rate","contains":"default","values":{"passes":460,"fails":89147,"rate":0.005133527514591494}},"vus_max":{"contains":"default","values":{"value":400,"min":181,"max":400},"type":"gauge"}},"testScenarios":{"constant_request_rate_10_100":{"duration":"1m","preAllocatedVUs":10,"maxVUs":64,"startTime":"0s","executor":"constant-arrival-rate","rate":100,"timeUnit":"1s"},"constant_request_rate_50_100":{"startTime":"62s","executor":"constant-arrival-rate","rate":100,"timeUnit":"1s","duration":"1m","preAllocatedVUs":50,"maxVUs":64},"constant_request_rate_50_150":{"executor":"constant-arrival-rate","rate":100,"timeUnit":"1s","duration":"1m","preAllocatedVUs":50,"maxVUs":150,"startTime":"124s"},"constant_request_rate_50_200":{"executor":"constant-arrival-rate","rate":150,"timeUnit":"1s","duration":"1m","preAllocatedVUs":50,"maxVUs":200,"startTime":"186s"},"constant_request_rate_250":{"executor":"constant-arrival-rate","rate":150,"timeUnit":"1s","duration":"3m","preAllocatedVUs":50,"maxVUs":200,"startTime":"247s"},"constant_request_rate_230":{"duration":"2m","preAllocatedVUs":50,"maxVUs":150,"startTime":"430s","executor":"constant-arrival-rate","rate":100,"timeUnit":"1s"},"ramping_vus":{"executor":"ramping-vus","startvus":50,"stages":[{"duration":"1m","target":150},{"target":100,"duration":"1m"},{"duration":"1m","target":50},{"duration":"30s","target":0}],"gracefulRampDown":"1s","startTime":"551s"}},"root_group":{"name":"","path":"","id":"d41d8cd98f00b204e9800998ecf8427e","groups":[{"name":"setup","path":"::setup","id":"5c0f8025f7e0b6654089e5b00e950f1a","groups":[],"checks":[]},{"name":"teardown","path":"::teardown","id":"a8a9942382e8ffe2e56ef29e664b8229","groups":[],"checks":[]}],"checks":[]},"options":{"summaryTrendStats":["avg","min","med","max","p(90)","p(95)"],"summaryTimeUnit":"","noColor":false}}