{"state":{"testRunDurationMs":524904.092195,"isStdOutTTY":true,"isStdErrTTY":true},"metrics":{"http_req_waiting":{"values":{"min":254.297954,"med":316.594059,"max":3207.69541,"p(90)":360.666403,"p(95)":394.431069,"avg":334.0974063263043},"type":"trend","contains":"time"},"http_reqs":{"contains":"default","values":{"count":54351,"rate":103.544629977487},"type":"counter"},"iteration_duration":{"type":"trend","contains":"time","values":{"avg":2682.2226417496736,"min":627.71256,"med":2671.533669,"max":7608.345624,"p(90)":3799.816911,"p(95)":4080.694355}},"vus_max":{"type":"gauge","contains":"default","values":{"min":150,"max":350,"value":350}},"vus":{"type":"gauge","contains":"default","values":{"min":0,"max":200,"value":0}},"http_req_receiving":{"type":"trend","contains":"time","values":{"max":9.803734,"p(90)":0.171872,"p(95)":0.202162,"avg":0.11850545605416697,"min":0.016293,"med":0.107366}},"dropped_iterations":{"type":"counter","contains":"default","values":{"count":18946,"rate":36.094212793756675}},"data_sent":{"type":"counter","contains":"data","values":{"count":5110645,"rate":9736.340554383436}},"http_req_duration":{"contains":"time","values":{"avg":334.2609682685497,"min":254.479741,"med":316.7574,"max":3207.888012,"p(90)":360.836147,"p(95)":394.5571665},"type":"trend"},"http_req_connecting":{"type":"trend","contains":"time","values":{"med":0,"max":701.733957,"p(90)":0,"p(95)":0,"avg":2.170474024838549,"min":0}},"http_req_failed":{"type":"rate","contains":"default","values":{"rate":0.0004231752865632647,"passes":23,"fails":54328}},"http_req_tls_handshaking":{"type":"trend","contains":"time","values":{"avg":0,"min":0,"med":0,"max":0,"p(90)":0,"p(95)":0}},"http_req_blocked":{"values":{"min":0.001833,"med":0.009457,"max":702.730923,"p(90)":0.013601,"p(95)":0.016556500000000002,"avg":2.181768816525889},"type":"trend","contains":"time"},"http_req_sending":{"type":"trend","contains":"time","values":{"avg":0.045056486191606876,"min":0.008811,"med":0.041018,"max":22.69145,"p(90)":0.061268,"p(95)":0.069406}},"data_received":{"type":"counter","contains":"data","values":{"count":20380338,"rate":38826.78436507365}},"http_req_duration{expected_response:true}":{"contains":"time","values":{"p(95)":393.94343594999964,"avg":334.1741400485743,"min":254.479741,"med":316.745174,"max":3207.888012,"p(90)":360.7135936},"type":"trend"},"iterations":{"type":"counter","contains":"default","values":{"count":27089,"rate":51.607522979524674}}},"testScenarios":{"constant_request_rate_250":{"preAllocatedVUs":50,"maxVUs":200,"startTime":"0s","executor":"constant-arrival-rate","rate":150,"timeUnit":"1s","duration":"3m"},"constant_request_rate_230":{"startTime":"3.2m","executor":"constant-arrival-rate","rate":100,"timeUnit":"1s","duration":"2m","preAllocatedVUs":50,"maxVUs":150},"ramping_vus":{"gracefulRampDown":"1s","startTime":"5.2m","executor":"ramping-vus","startvus":50,"stages":[{"duration":"1m","target":150},{"duration":"1m","target":100},{"duration":"1m","target":50},{"duration":"30s","target":0}]}},"root_group":{"name":"","path":"","id":"d41d8cd98f00b204e9800998ecf8427e","groups":[{"name":"setup","path":"::setup","id":"5c0f8025f7e0b6654089e5b00e950f1a","groups":[],"checks":[]},{"name":"teardown","path":"::teardown","id":"a8a9942382e8ffe2e56ef29e664b8229","groups":[],"checks":[]}],"checks":[]},"options":{"summaryTrendStats":["avg","min","med","max","p(90)","p(95)"],"summaryTimeUnit":"","noColor":false}}