{"metrics":{"http_req_duration":{"type":"trend","contains":"time","values":{"p(95)":186.047164,"avg":114.21535622657328,"min":40.413861,"med":94.226708,"max":2525.275513,"p(90)":136.893839}},"http_req_tls_handshaking":{"type":"trend","contains":"time","values":{"min":0,"med":0,"max":0,"p(90)":0,"p(95)":0,"avg":0}},"iteration_duration":{"type":"trend","contains":"time","values":{"avg":2232.943027375691,"min":189.629349,"med":2226.3985549999998,"max":6153.360295,"p(90)":3360.9612911,"p(95)":3624.1901633}},"http_req_waiting":{"type":"trend","contains":"time","values":{"p(90)":136.770068,"p(95)":185.900822,"avg":114.07259407088755,"min":40.228424,"med":94.072514,"max":2525.164824}},"data_received":{"type":"counter","contains":"data","values":{"count":24485670,"rate":46739.987061373504}},"vus":{"type":"gauge","contains":"default","values":{"min":0,"max":200,"value":1}},"http_req_blocked":{"type":"trend","contains":"time","values":{"max":164.25882,"p(90)":0.012088,"p(95)":0.014895499999999999,"avg":0.371416562374294,"min":0.001672,"med":0.008646}},"vus_max":{"type":"gauge","contains":"default","values":{"min":178,"max":350,"value":350}},"http_req_connecting":{"contains":"time","values":{"avg":0.3613773225345843,"min":0,"med":0,"max":164.109051,"p(90)":0,"p(95)":0},"type":"trend"},"http_req_receiving":{"type":"trend","contains":"time","values":{"avg":0.10327601776419709,"min":0.014453,"med":0.095796,"max":10.406227,"p(90)":0.142562,"p(95)":0.1718605}},"data_sent":{"type":"counter","contains":"data","values":{"count":6122405,"rate":11686.881775523743}},"http_reqs":{"type":"counter","contains":"default","values":{"count":65131,"rate":124.32668157719668}},"iterations":{"type":"counter","contains":"default","values":{"count":32498,"rate":62.03449199145933}},"http_req_duration{expected_response:true}":{"type":"trend","contains":"time","values":{"p(90)":136.33158490000002,"p(95)":182.22610369999964,"avg":113.54749308048171,"min":40.413861,"med":94.1715055,"max":2525.275513}},"dropped_iterations":{"type":"counter","contains":"default","values":{"count":15031,"rate":28.692241034021333}},"http_req_failed":{"type":"rate","contains":"default","values":{"fails":65008,"rate":0.0018885016351660499,"passes":123}},"http_req_sending":{"type":"trend","contains":"time","values":{"avg":0.03948613792203387,"min":0.007337,"med":0.036814,"max":1.46584,"p(90)":0.052993,"p(95)":0.061709}}},"testScenarios":{"constant_request_rate_250":{"rate":150,"timeUnit":"1s","duration":"3m","preAllocatedVUs":50,"maxVUs":200,"startTime":"0s","executor":"constant-arrival-rate"},"constant_request_rate_230":{"executor":"constant-arrival-rate","rate":100,"timeUnit":"1s","duration":"2m","preAllocatedVUs":50,"maxVUs":150,"startTime":"3.2m"},"ramping_vus":{"executor":"ramping-vus","startvus":50,"stages":[{"duration":"1m","target":150},{"duration":"1m","target":100},{"duration":"1m","target":50},{"target":0,"duration":"30s"}],"gracefulRampDown":"1s","startTime":"5.2m"}},"root_group":{"checks":[],"name":"","path":"","id":"d41d8cd98f00b204e9800998ecf8427e","groups":[{"name":"setup","path":"::setup","id":"5c0f8025f7e0b6654089e5b00e950f1a","groups":[],"checks":[]},{"name":"teardown","path":"::teardown","id":"a8a9942382e8ffe2e56ef29e664b8229","groups":[],"checks":[]}]},"options":{"summaryTrendStats":["avg","min","med","max","p(90)","p(95)"],"summaryTimeUnit":"","noColor":false},"state":{"isStdOutTTY":true,"isStdErrTTY":true,"testRunDurationMs":523869.849768}}