{"options":{"summaryTrendStats":["avg","min","med","max","p(90)","p(95)"],"summaryTimeUnit":"","noColor":false},"state":{"isStdOutTTY":true,"isStdErrTTY":true,"testRunDurationMs":762598.059401},"metrics":{"http_req_failed":{"type":"rate","contains":"default","values":{"rate":0.003353685711739014,"passes":301,"fails":89451}},"iteration_duration":{"contains":"time","values":{"max":6980.347289,"p(90)":3391.800461,"p(95)":3664.380727,"avg":2261.831432045323,"min":182.058344,"med":2254.9235},"type":"trend"},"iterations":{"type":"counter","contains":"default","values":{"count":44799,"rate":58.74523210193899}},"dropped_iterations":{"values":{"count":29752,"rate":39.013999095892515},"type":"counter","contains":"default"},"http_req_waiting":{"type":"trend","contains":"time","values":{"avg":126.50481539052164,"min":42.152881,"med":96.650023,"max":2434.841253,"p(90)":173.94195050000005,"p(95)":251.4416149499999}},"http_req_duration":{"contains":"time","values":{"avg":126.61998164086552,"min":42.298766,"med":96.774829,"max":2434.969375,"p(90)":174.07009930000007,"p(95)":251.5311833499998},"type":"trend"},"data_received":{"type":"counter","contains":"data","values":{"count":33676209,"rate":44159.84093436029}},"vus_max":{"type":"gauge","contains":"default","values":{"value":400,"min":182,"max":400}},"http_req_tls_handshaking":{"values":{"avg":0,"min":0,"med":0,"max":0,"p(90)":0,"p(95)":0},"type":"trend","contains":"time"},"http_req_sending":{"values":{"avg":0.032391804483465424,"min":0.00286,"med":0.031985,"max":1.265593,"p(90)":0.04357250000000004,"p(95)":0.051561899999999994},"type":"trend","contains":"time"},"http_req_connecting":{"values":{"avg":0.29627396023486946,"min":0,"med":0,"max":117.047869,"p(90)":0,"p(95)":0},"type":"trend","contains":"time"},"data_sent":{"type":"counter","contains":"data","values":{"count":8437030,"rate":11063.53457891967}},"http_reqs":{"type":"counter","contains":"default","values":{"count":89752,"rate":117.69240544684543}},"http_req_duration{expected_response:true}":{"type":"trend","contains":"time","values":{"med":96.67842,"max":2434.969375,"p(90)":172.371442,"p(95)":249.3558205,"avg":126.33685094095058,"min":42.298766}},"http_req_receiving":{"type":"trend","contains":"time","values":{"avg":0.08277444586192993,"min":0.006074,"med":0.080928,"max":1.779682,"p(90)":0.11752760000000002,"p(95)":0.1391067}},"http_req_blocked":{"type":"trend","contains":"time","values":{"p(95)":0.012012449999999997,"avg":0.3043316322310433,"min":0.000652,"med":0.007489,"max":117.102492,"p(90)":0.009862}},"vus":{"type":"gauge","contains":"default","values":{"value":1,"min":1,"max":201}}},"testScenarios":{"constant_request_rate_250":{"executor":"constant-arrival-rate","rate":150,"timeUnit":"1s","duration":"3m","preAllocatedVUs":50,"maxVUs":200,"startTime":"247s"},"constant_request_rate_230":{"duration":"2m","preAllocatedVUs":50,"maxVUs":150,"startTime":"430s","executor":"constant-arrival-rate","rate":100,"timeUnit":"1s"},"ramping_vus":{"executor":"ramping-vus","startvus":50,"stages":[{"duration":"1m","target":150},{"duration":"1m","target":100},{"duration":"1m","target":50},{"target":0,"duration":"30s"}],"gracefulRampDown":"1s","startTime":"551s"},"constant_request_rate_10_100":{"startTime":"0s","executor":"constant-arrival-rate","rate":100,"timeUnit":"1s","duration":"1m","preAllocatedVUs":10,"maxVUs":64},"constant_request_rate_50_100":{"executor":"constant-arrival-rate","rate":100,"timeUnit":"1s","duration":"1m","preAllocatedVUs":50,"maxVUs":64,"startTime":"62s"},"constant_request_rate_50_150":{"timeUnit":"1s","duration":"1m","preAllocatedVUs":50,"maxVUs":150,"startTime":"124s","executor":"constant-arrival-rate","rate":100},"constant_request_rate_50_200":{"executor":"constant-arrival-rate","rate":150,"timeUnit":"1s","duration":"1m","preAllocatedVUs":50,"maxVUs":200,"startTime":"186s"}},"root_group":{"name":"","path":"","id":"d41d8cd98f00b204e9800998ecf8427e","groups":[{"groups":[],"checks":[],"name":"setup","path":"::setup","id":"5c0f8025f7e0b6654089e5b00e950f1a"},{"groups":[],"checks":[],"name":"teardown","path":"::teardown","id":"a8a9942382e8ffe2e56ef29e664b8229"}],"checks":[]}}