{"options":{"summaryTimeUnit":"","noColor":false,"summaryTrendStats":["avg","min","med","max","p(90)","p(95)"]},"state":{"isStdOutTTY":true,"isStdErrTTY":true,"testRunDurationMs":523653.983103},"metrics":{"dropped_iterations":{"type":"counter","contains":"default","values":{"count":15161,"rate":28.952324414990482}},"http_req_blocked":{"type":"trend","contains":"time","values":{"max":194.465285,"p(90)":0.006479,"p(95)":0.008082,"avg":0.48217008666656197,"min":0.000763,"med":0.004128}},"http_req_tls_handshaking":{"type":"trend","contains":"time","values":{"med":0,"max":0,"p(90)":0,"p(95)":0,"avg":0,"min":0}},"data_sent":{"type":"counter","contains":"data","values":{"count":6103720,"rate":11656.01751719977}},"iterations":{"type":"counter","contains":"default","values":{"count":32389,"rate":61.8519118446756}},"http_reqs":{"type":"counter","contains":"default","values":{"rate":123.98836272621114,"count":64927}},"http_req_waiting":{"type":"trend","contains":"time","values":{"med":95.881933,"max":2093.780013,"p(90)":182.1693586,"p(95)":218.50904859999997,"avg":119.15750650242506,"min":41.326999}},"iteration_duration":{"type":"trend","contains":"time","values":{"min":188.638582,"med":2235.244827,"max":5683.613244,"p(90)":3357.551757,"p(95)":3625.4516415,"avg":2238.875566066755}},"http_req_connecting":{"values":{"max":194.409549,"p(90)":0,"p(95)":0,"avg":0.4772663341599023,"min":0,"med":0},"type":"trend","contains":"time"},"http_req_sending":{"values":{"p(90)":0.027711,"p(95)":0.032657399999999996,"avg":0.019583412632648702,"min":0.002936,"med":0.017957,"max":2.091675},"type":"trend","contains":"time"},"data_received":{"type":"counter","contains":"data","values":{"count":24062436,"rate":45951.02257680535}},"http_req_duration":{"type":"trend","contains":"time","values":{"avg":119.22783199859789,"min":41.403023,"med":95.958929,"max":2093.815485,"p(90)":182.212171,"p(95)":218.5556707}},"http_req_duration{expected_response:true}":{"type":"trend","contains":"time","values":{"min":41.403023,"med":95.945222,"max":2093.815485,"p(90)":182.0331723,"p(95)":218.40282229999997,"avg":119.1391671873955}},"vus":{"contains":"default","values":{"value":1,"min":0,"max":200},"type":"gauge"},"vus_max":{"values":{"value":350,"min":171,"max":350},"type":"gauge","contains":"default"},"http_req_receiving":{"contains":"time","values":{"med":0.045766,"max":1.95024,"p(90)":0.07635800000000001,"p(95)":0.09170509999999998,"avg":0.050742083539975745,"min":0.007083},"type":"trend"},"http_req_failed":{"type":"rate","contains":"default","values":{"rate":0.00041585164877477784,"passes":27,"fails":64900}}},"testScenarios":{"constant_request_rate_230":{"preAllocatedVUs":50,"maxVUs":150,"startTime":"3.2m","executor":"constant-arrival-rate","rate":100,"timeUnit":"1s","duration":"2m"},"ramping_vus":{"executor":"ramping-vus","startvus":50,"stages":[{"duration":"1m","target":150},{"duration":"1m","target":100},{"duration":"1m","target":50},{"target":0,"duration":"30s"}],"gracefulRampDown":"1s","startTime":"5.2m"},"constant_request_rate_250":{"duration":"3m","preAllocatedVUs":50,"maxVUs":200,"startTime":"0s","executor":"constant-arrival-rate","rate":150,"timeUnit":"1s"}},"root_group":{"name":"","path":"","id":"d41d8cd98f00b204e9800998ecf8427e","groups":[{"name":"setup","path":"::setup","id":"5c0f8025f7e0b6654089e5b00e950f1a","groups":[],"checks":[]},{"checks":[],"name":"teardown","path":"::teardown","id":"a8a9942382e8ffe2e56ef29e664b8229","groups":[]}],"checks":[]}}