{"metrics":{"vus":{"type":"gauge","contains":"default","values":{"value":0,"min":0,"max":200}},"http_reqs":{"type":"counter","contains":"default","values":{"count":64961,"rate":124.22212408179995}},"http_req_duration{expected_response:true}":{"type":"trend","contains":"time","values":{"avg":119.18051919682483,"min":41.662193,"med":95.3373095,"max":2499.219585,"p(90)":160.27621349999998,"p(95)":214.413497}},"http_req_sending":{"type":"trend","contains":"time","values":{"med":0.033293,"max":4.492445,"p(90)":0.050087,"p(95)":0.061143,"avg":0.03655288556210629,"min":0.004535}},"dropped_iterations":{"type":"counter","contains":"default","values":{"count":15146,"rate":28.963043846968827}},"http_req_duration":{"type":"trend","contains":"time","values":{"max":2499.219585,"p(90)":160.454575,"p(95)":214.478101,"avg":119.23572126674448,"min":41.662193,"med":95.343343}},"vus_max":{"type":"gauge","contains":"default","values":{"max":350,"value":350,"min":178}},"iteration_duration":{"type":"trend","contains":"time","values":{"avg":2237.5289060375612,"min":210.270051,"med":2229.832294,"max":6290.664248,"p(90)":3364.334328,"p(95)":3639.1310329999997}},"http_req_waiting":{"type":"trend","contains":"time","values":{"avg":119.10510677326286,"min":41.552048,"med":95.206546,"max":2499.09813,"p(90)":160.342622,"p(95)":214.343668}},"http_req_receiving":{"type":"trend","contains":"time","values":{"avg":0.0940616079185979,"min":0.010416,"med":0.085565,"max":3.62713,"p(90)":0.135077,"p(95)":0.169112}},"iterations":{"type":"counter","contains":"default","values":{"count":32409,"rate":61.974335668586605}},"http_req_blocked":{"type":"trend","contains":"time","values":{"avg":0.39026058610550957,"min":0.001343,"med":0.007852,"max":1075.78179,"p(90)":0.011492,"p(95)":0.015074}},"data_received":{"type":"counter","contains":"data","values":{"count":24366447,"rate":46594.90775490836}},"http_req_tls_handshaking":{"values":{"med":0,"max":0,"p(90)":0,"p(95)":0,"avg":0,"min":0},"type":"trend","contains":"time"},"http_req_failed":{"type":"rate","contains":"default","values":{"rate":0.00023090777543449147,"passes":15,"fails":64946}},"data_sent":{"type":"counter","contains":"data","values":{"count":6107000,"rate":11678.153226821512}},"http_req_connecting":{"type":"trend","contains":"time","values":{"min":0,"med":0,"max":1075.674222,"p(90)":0,"p(95)":0,"avg":0.380994516494512}}},"testScenarios":{"ramping_vus":{"startTime":"5.2m","executor":"ramping-vus","startvus":50,"stages":[{"target":150,"duration":"1m"},{"target":100,"duration":"1m"},{"duration":"1m","target":50},{"duration":"30s","target":0}],"gracefulRampDown":"1s"},"constant_request_rate_250":{"rate":150,"timeUnit":"1s","duration":"3m","preAllocatedVUs":50,"maxVUs":200,"startTime":"0s","executor":"constant-arrival-rate"},"constant_request_rate_230":{"duration":"2m","preAllocatedVUs":50,"maxVUs":150,"startTime":"3.2m","executor":"constant-arrival-rate","rate":100,"timeUnit":"1s"}},"root_group":{"name":"","path":"","id":"d41d8cd98f00b204e9800998ecf8427e","groups":[{"name":"setup","path":"::setup","id":"5c0f8025f7e0b6654089e5b00e950f1a","groups":[],"checks":[]},{"path":"::teardown","id":"a8a9942382e8ffe2e56ef29e664b8229","groups":[],"checks":[],"name":"teardown"}],"checks":[]},"options":{"summaryTrendStats":["avg","min","med","max","p(90)","p(95)"],"summaryTimeUnit":"","noColor":false},"state":{"isStdOutTTY":true,"isStdErrTTY":true,"testRunDurationMs":522942.27361}}