{"state":{"isStdOutTTY":true,"isStdErrTTY":true,"testRunDurationMs":523083.531016},"metrics":{"data_received":{"type":"counter","contains":"data","values":{"count":24256820,"rate":46372.746534163074}},"vus":{"type":"gauge","contains":"default","values":{"value":0,"min":0,"max":200}},"http_reqs":{"type":"counter","contains":"default","values":{"rate":123.77755398691677,"count":64746}},"http_req_sending":{"contains":"time","values":{"p(90)":0.044929,"p(95)":0.05329575,"avg":0.03381342802644153,"min":0.003456,"med":0.032679,"max":1.005071},"type":"trend"},"http_req_duration":{"values":{"avg":122.48981315909838,"min":40.017553,"med":94.28021100000001,"max":2456.462136,"p(90)":157.1128305,"p(95)":244.34208375},"type":"trend","contains":"time"},"iterations":{"type":"counter","contains":"default","values":{"count":32303,"rate":61.754955154594455}},"data_sent":{"values":{"count":6086497,"rate":11635.803153997265},"type":"counter","contains":"data"},"http_req_waiting":{"type":"trend","contains":"time","values":{"p(90)":156.9881685,"p(95)":244.22225125,"avg":122.3698767054031,"min":39.920703,"med":94.148026,"max":2456.375753}},"iteration_duration":{"values":{"avg":2244.7307981889853,"min":147.555344,"med":2233.858374,"max":6198.52911,"p(90)":3386.1968484,"p(95)":3655.6928913999996},"type":"trend","contains":"time"},"dropped_iterations":{"type":"counter","contains":"default","values":{"count":15310,"rate":29.26874790009724}},"http_req_connecting":{"type":"trend","contains":"time","values":{"avg":0.3533838487783027,"min":0,"med":0,"max":150.433258,"p(90)":0,"p(95)":0}},"http_req_blocked":{"type":"trend","contains":"time","values":{"p(95)":0.012621,"avg":0.36190178584005356,"min":0.000834,"med":0.007598,"max":150.522535,"p(90)":0.010097}},"http_req_receiving":{"values":{"avg":0.08612302566953879,"min":0.006987,"med":0.0836085,"max":0.956971,"p(90)":0.120513,"p(95)":0.14306525},"type":"trend","contains":"time"},"http_req_tls_handshaking":{"type":"trend","contains":"time","values":{"max":0,"p(90)":0,"p(95)":0,"avg":0,"min":0,"med":0}},"vus_max":{"type":"gauge","contains":"default","values":{"value":350,"min":179,"max":350}},"http_req_duration{expected_response:true}":{"type":"trend","contains":"time","values":{"avg":121.67768095904394,"min":40.017553,"med":94.124838,"max":2456.462136,"p(90)":154.3506459,"p(95)":234.03444215}},"http_req_failed":{"type":"rate","contains":"default","values":{"rate":0.004417261297995243,"passes":286,"fails":64460}}},"testScenarios":{"constant_request_rate_250":{"executor":"constant-arrival-rate","rate":150,"timeUnit":"1s","duration":"3m","preAllocatedVUs":50,"maxVUs":200,"startTime":"0s"},"constant_request_rate_230":{"executor":"constant-arrival-rate","rate":100,"timeUnit":"1s","duration":"2m","preAllocatedVUs":50,"maxVUs":150,"startTime":"3.2m"},"ramping_vus":{"executor":"ramping-vus","startvus":50,"stages":[{"duration":"1m","target":150},{"duration":"1m","target":100},{"duration":"1m","target":50},{"duration":"30s","target":0}],"gracefulRampDown":"1s","startTime":"5.2m"}},"root_group":{"id":"d41d8cd98f00b204e9800998ecf8427e","groups":[{"path":"::setup","id":"5c0f8025f7e0b6654089e5b00e950f1a","groups":[],"checks":[],"name":"setup"},{"groups":[],"checks":[],"name":"teardown","path":"::teardown","id":"a8a9942382e8ffe2e56ef29e664b8229"}],"checks":[],"name":"","path":""},"options":{"summaryTrendStats":["avg","min","med","max","p(90)","p(95)"],"summaryTimeUnit":"","noColor":false}}