{"state":{"isStdErrTTY":true,"testRunDurationMs":108319.818917,"isStdOutTTY":true},"metrics":{"http_req_receiving":{"type":"trend","contains":"time","values":{"avg":0.07975938076152278,"min":0.006428,"med":0.077619,"max":1.979013,"p(90)":0.1140932,"p(95)":0.13387919999999998}},"http_req_blocked":{"type":"trend","contains":"time","values":{"med":0.00756,"max":101.8898,"p(90)":0.0100432,"p(95)":0.014938299999999995,"avg":1.0808184157094667,"min":0.000832}},"http_req_tls_handshaking":{"type":"trend","contains":"time","values":{"max":0,"p(90)":0,"p(95)":0,"avg":0,"min":0,"med":0}},"http_req_duration":{"type":"trend","contains":"time","values":{"avg":362.94557165961294,"min":43.569668,"med":209.492896,"max":3459.537004,"p(90)":785.1998706000002,"p(95)":1316.1188468999999}},"data_sent":{"type":"counter","contains":"data","values":{"rate":17855.68900814007,"count":1934125}},"data_received":{"values":{"count":7425635,"rate":68552.87494239524},"type":"counter","contains":"data"},"http_req_duration{expected_response:true}":{"contains":"time","values":{"avg":370.39936622975443,"min":43.569668,"med":194.2229175,"max":3459.537004,"p(90)":846.9074636999999,"p(95)":1401.9347103999967},"type":"trend"},"http_req_waiting":{"type":"trend","contains":"time","values":{"p(90)":785.1117350000002,"p(95)":1315.9845855999997,"avg":362.8321173779766,"min":43.493546,"med":209.401376,"max":3459.442984}},"iteration_duration":{"contains":"time","values":{"p(95)":4522.8866536,"avg":2722.563113891124,"min":245.700282,"med":2643.3905395,"max":8225.98364,"p(90)":4027.058214100001},"type":"trend"},"http_req_failed":{"contains":"default","values":{"fails":18398,"rate":0.10073806148883133,"passes":2061},"type":"rate"},"vus":{"values":{"value":264,"min":118,"max":279},"type":"gauge","contains":"default"},"vus_max":{"type":"gauge","contains":"default","values":{"value":418,"min":258,"max":418}},"http_req_sending":{"type":"trend","contains":"time","values":{"avg":0.03369490087492036,"min":0.002911,"med":0.032441,"max":0.976845,"p(90)":0.044915600000000014,"p(95)":0.055239699999999996}},"http_reqs":{"type":"counter","contains":"default","values":{"rate":188.87586966588907,"count":20459}},"http_req_connecting":{"type":"trend","contains":"time","values":{"avg":1.0712239213549046,"min":0,"med":0,"max":101.811274,"p(90)":0,"p(95)":0}},"iterations":{"type":"counter","contains":"default","values":{"rate":93.16854570937743,"count":10092}},"dropped_iterations":{"contains":"default","values":{"count":16296,"rate":150.44338296472597},"type":"counter"}},"testScenarios":{"constant_request_rate_50_100":{"rate":100,"timeUnit":"1s","duration":"1m","preAllocatedVUs":50,"maxVUs":64,"startTime":"62s","executor":"constant-arrival-rate"},"constant_request_rate_50_150":{"executor":"constant-arrival-rate","rate":100,"timeUnit":"1s","duration":"1m","preAllocatedVUs":50,"maxVUs":150,"startTime":"124s"},"constant_request_rate_50_200":{"executor":"constant-arrival-rate","rate":150,"timeUnit":"1s","duration":"1m","preAllocatedVUs":50,"maxVUs":200,"startTime":"124s"},"constant_request_rate_250":{"preAllocatedVUs":50,"maxVUs":200,"startTime":"0s","executor":"constant-arrival-rate","rate":150,"timeUnit":"1s","duration":"3m"},"constant_request_rate_230":{"preAllocatedVUs":50,"maxVUs":150,"startTime":"3.2m","executor":"constant-arrival-rate","rate":100,"timeUnit":"1s","duration":"2m"},"ramping_vus":{"executor":"ramping-vus","startvus":50,"stages":[{"target":150,"duration":"1m"},{"duration":"1m","target":100},{"duration":"1m","target":50},{"duration":"30s","target":0}],"gracefulRampDown":"1s","startTime":"5.2m"},"constant_request_rate_10_100":{"executor":"constant-arrival-rate","rate":100,"timeUnit":"1s","duration":"1m","preAllocatedVUs":10,"maxVUs":64,"startTime":"0s"}},"root_group":{"path":"","id":"d41d8cd98f00b204e9800998ecf8427e","groups":[{"id":"5c0f8025f7e0b6654089e5b00e950f1a","groups":[],"checks":[],"name":"setup","path":"::setup"},{"name":"teardown","path":"::teardown","id":"a8a9942382e8ffe2e56ef29e664b8229","groups":[],"checks":[]}],"checks":[],"name":""},"options":{"summaryTrendStats":["avg","min","med","max","p(90)","p(95)"],"summaryTimeUnit":"","noColor":false}}