{"metrics":{"data_sent":{"values":{"count":8454427,"rate":11086.111422049265},"type":"counter","contains":"data"},"http_req_duration{expected_response:true}":{"type":"trend","contains":"time","values":{"min":40.933081,"med":94.956998,"max":2064.916783,"p(90)":163.29641679999995,"p(95)":250.55565099999987,"avg":123.7623667792958}},"http_req_connecting":{"type":"trend","contains":"time","values":{"max":101.567808,"p(90)":0,"p(95)":0,"avg":0.29339612487769096,"min":0,"med":0}},"http_req_receiving":{"type":"trend","contains":"time","values":{"p(90)":0.119718,"p(95)":0.141905,"avg":0.0873661125689363,"min":0.006494,"med":0.084888,"max":1.64288}},"dropped_iterations":{"type":"counter","contains":"default","values":{"count":29665,"rate":38.89908746448357}},"data_received":{"type":"counter","contains":"data","values":{"count":33450803,"rate":43863.330917047344}},"vus_max":{"type":"gauge","contains":"default","values":{"value":400,"min":180,"max":400}},"vus":{"contains":"default","values":{"max":200,"value":1,"min":1},"type":"gauge"},"http_req_blocked":{"type":"trend","contains":"time","values":{"avg":0.3019969795076503,"min":0.000938,"med":0.007787,"max":101.691707,"p(90)":0.009956,"p(95)":0.0121505}},"http_req_failed":{"type":"rate","contains":"default","values":{"rate":0.00585972246931151,"passes":527,"fails":89409}},"http_req_waiting":{"values":{"min":40.779498,"med":94.989601,"max":2064.762484,"p(90)":167.6361625,"p(95)":264.269828,"avg":124.78526154009471},"type":"trend","contains":"time"},"http_req_duration":{"type":"trend","contains":"time","values":{"p(95)":264.404753,"avg":124.90671488873251,"min":40.933081,"med":95.1172635,"max":2064.916783,"p(90)":167.73981550000002}},"iterations":{"type":"counter","contains":"default","values":{"count":44905,"rate":58.88297733330979}},"http_req_tls_handshaking":{"values":{"med":0,"max":0,"p(90)":0,"p(95)":0,"avg":0,"min":0},"type":"trend","contains":"time"},"http_req_sending":{"type":"trend","contains":"time","values":{"med":0.033061,"max":1.357266,"p(90)":0.04419,"p(95)":0.05219975,"avg":0.03408723606787061,"min":0.003176}},"iteration_duration":{"type":"trend","contains":"time","values":{"min":186.218338,"med":2245.896279,"max":5770.421563,"p(90)":3394.2432372,"p(95)":3661.1522391,"avg":2255.4398587812734}},"http_reqs":{"type":"counter","contains":"default","values":{"count":89936,"rate":117.93117580333035}}},"testScenarios":{"constant_request_rate_10_100":{"timeUnit":"1s","duration":"1m","preAllocatedVUs":10,"maxVUs":64,"startTime":"0s","executor":"constant-arrival-rate","rate":100},"constant_request_rate_50_100":{"rate":100,"timeUnit":"1s","duration":"1m","preAllocatedVUs":50,"maxVUs":64,"startTime":"62s","executor":"constant-arrival-rate"},"constant_request_rate_50_150":{"executor":"constant-arrival-rate","rate":100,"timeUnit":"1s","duration":"1m","preAllocatedVUs":50,"maxVUs":150,"startTime":"124s"},"constant_request_rate_50_200":{"maxVUs":200,"startTime":"186s","executor":"constant-arrival-rate","rate":150,"timeUnit":"1s","duration":"1m","preAllocatedVUs":50},"constant_request_rate_250":{"preAllocatedVUs":50,"maxVUs":200,"startTime":"247s","executor":"constant-arrival-rate","rate":150,"timeUnit":"1s","duration":"3m"},"constant_request_rate_230":{"startTime":"430s","executor":"constant-arrival-rate","rate":100,"timeUnit":"1s","duration":"2m","preAllocatedVUs":50,"maxVUs":150},"ramping_vus":{"executor":"ramping-vus","startvus":50,"stages":[{"duration":"1m","target":150},{"duration":"1m","target":100},{"duration":"1m","target":50},{"duration":"30s","target":0}],"gracefulRampDown":"1s","startTime":"551s"}},"root_group":{"groups":[{"name":"setup","path":"::setup","id":"5c0f8025f7e0b6654089e5b00e950f1a","groups":[],"checks":[]},{"name":"teardown","path":"::teardown","id":"a8a9942382e8ffe2e56ef29e664b8229","groups":[],"checks":[]}],"checks":[],"name":"","path":"","id":"d41d8cd98f00b204e9800998ecf8427e"},"options":{"summaryTimeUnit":"","noColor":false,"summaryTrendStats":["avg","min","med","max","p(90)","p(95)"]},"state":{"isStdErrTTY":true,"testRunDurationMs":762614.290813,"isStdOutTTY":true}}