{"metrics":{"http_req_duration{expected_response:true}":{"type":"trend","contains":"time","values":{"min":261.177358,"med":324.981403,"max":1192.001991,"p(90)":365.677133,"p(95)":384.6624325,"avg":331.36128591649305}},"http_req_receiving":{"type":"trend","contains":"time","values":{"p(95)":0.2093985,"avg":0.12090102393446842,"min":0.017526,"med":0.109454,"max":5.142413,"p(90)":0.176156}},"http_req_blocked":{"type":"trend","contains":"time","values":{"avg":1.9293817040098176,"min":0.001742,"med":0.009518,"max":337.434889,"p(90)":0.014271,"p(95)":0.0187235}},"iteration_duration":{"type":"trend","contains":"time","values":{"p(95)":4052.4074586499996,"avg":2666.1111965469127,"min":662.516232,"med":2659.72387,"max":4820.632377,"p(90)":3778.6871702}},"http_req_connecting":{"values":{"avg":1.9176513737360796,"min":0,"med":0,"max":337.2352,"p(90)":0,"p(95)":0},"type":"trend","contains":"time"},"dropped_iterations":{"type":"counter","contains":"default","values":{"rate":35.80490887088291,"count":18777}},"data_received":{"type":"counter","contains":"data","values":{"count":20460835,"rate":39015.72842292015}},"http_req_sending":{"contains":"time","values":{"p(90)":0.063877,"p(95)":0.0741125,"avg":0.04625345704046398,"min":0.007587,"med":0.042238,"max":0.8909},"type":"trend"},"http_req_failed":{"type":"rate","contains":"default","values":{"rate":0,"passes":0,"fails":54691}},"vus":{"type":"gauge","contains":"default","values":{"value":0,"min":0,"max":200}},"http_req_waiting":{"type":"trend","contains":"time","values":{"p(90)":365.525145,"p(95)":384.50508649999995,"avg":331.1941314355199,"min":260.996516,"med":324.817052,"max":1191.896537}},"http_req_tls_handshaking":{"type":"trend","contains":"time","values":{"avg":0,"min":0,"med":0,"max":0,"p(90)":0,"p(95)":0}},"http_reqs":{"type":"counter","contains":"default","values":{"count":54691,"rate":104.28749379866099}},"vus_max":{"contains":"default","values":{"value":350,"min":150,"max":350},"type":"gauge"},"http_req_duration":{"type":"trend","contains":"time","values":{"avg":331.36128591649305,"min":261.177358,"med":324.981403,"max":1192.001991,"p(90)":365.677133,"p(95)":384.6624325}},"iterations":{"type":"counter","contains":"default","values":{"count":27276,"rate":52.01122087459138}},"data_sent":{"type":"counter","contains":"data","values":{"count":5142201,"rate":9805.402258122329}}},"testScenarios":{"constant_request_rate_250":{"executor":"constant-arrival-rate","rate":150,"timeUnit":"1s","duration":"3m","preAllocatedVUs":50,"maxVUs":200,"startTime":"0s"},"constant_request_rate_230":{"timeUnit":"1s","duration":"2m","preAllocatedVUs":50,"maxVUs":150,"startTime":"3.2m","executor":"constant-arrival-rate","rate":100},"ramping_vus":{"stages":[{"duration":"1m","target":150},{"duration":"1m","target":100},{"duration":"1m","target":50},{"duration":"30s","target":0}],"gracefulRampDown":"1s","startTime":"5.2m","executor":"ramping-vus","startvus":50}},"root_group":{"id":"d41d8cd98f00b204e9800998ecf8427e","groups":[{"path":"::setup","id":"5c0f8025f7e0b6654089e5b00e950f1a","groups":[],"checks":[],"name":"setup"},{"name":"teardown","path":"::teardown","id":"a8a9942382e8ffe2e56ef29e664b8229","groups":[],"checks":[]}],"checks":[],"name":"","path":""},"options":{"summaryTrendStats":["avg","min","med","max","p(90)","p(95)"],"summaryTimeUnit":"","noColor":false},"state":{"isStdOutTTY":true,"isStdErrTTY":true,"testRunDurationMs":524425.297875}}