{"state":{"isStdOutTTY":true,"isStdErrTTY":true,"testRunDurationMs":762389.236605},"metrics":{"http_req_failed":{"type":"rate","contains":"default","values":{"rate":0.0050792155807460725,"passes":453,"fails":88734}},"http_req_sending":{"type":"trend","contains":"time","values":{"avg":0.034700304382926324,"min":0.002949,"med":0.032892,"max":70.539528,"p(90)":0.04442040000000001,"p(95)":0.0522067}},"data_received":{"type":"counter","contains":"data","values":{"count":33446239,"rate":43870.29275090457}},"http_req_receiving":{"values":{"avg":0.08647737270005725,"min":0.006775,"med":0.083753,"max":3.256842,"p(90)":0.119532,"p(95)":0.14145659999999996},"type":"trend","contains":"time"},"http_req_tls_handshaking":{"type":"trend","contains":"time","values":{"min":0,"med":0,"max":0,"p(90)":0,"p(95)":0,"avg":0}},"vus":{"contains":"default","values":{"value":2,"min":2,"max":202},"type":"gauge"},"http_req_duration":{"type":"trend","contains":"time","values":{"med":95.443585,"max":5539.718091,"p(90)":185.7421256,"p(95)":300.8860729,"avg":135.99963831200787,"min":40.413953}},"dropped_iterations":{"values":{"count":30022,"rate":39.37883506027859},"type":"counter","contains":"default"},"iteration_duration":{"type":"trend","contains":"time","values":{"p(90)":3408.9835506,"p(95)":3697.8774937999992,"avg":2275.7285370525433,"min":192.702049,"med":2252.236671,"max":8873.127327}},"http_req_blocked":{"type":"trend","contains":"time","values":{"avg":0.4952625097828179,"min":0.000845,"med":0.007727,"max":867.884064,"p(90)":0.010025,"p(95)":0.012214}},"data_sent":{"type":"counter","contains":"data","values":{"count":8384014,"rate":10997.025662816153}},"vus_max":{"type":"gauge","contains":"default","values":{"min":151,"max":400,"value":400}},"http_req_duration{expected_response:true}":{"contains":"time","values":{"p(90)":181.3594594999999,"p(95)":285.9048432499997,"avg":133.61175001402006,"min":40.413953,"med":95.28253799999999,"max":5539.718091},"type":"trend"},"http_req_waiting":{"contains":"time","values":{"max":5539.629614,"p(90)":185.61136720000027,"p(95)":300.7646157,"avg":135.8784606349234,"min":40.329072,"med":95.319445},"type":"trend"},"http_reqs":{"type":"counter","contains":"default","values":{"count":89187,"rate":116.98355081343902}},"iterations":{"type":"counter","contains":"default","values":{"count":44523,"rate":58.399302957457316}},"http_req_connecting":{"type":"trend","contains":"time","values":{"min":0,"med":0,"max":867.719184,"p(90)":0,"p(95)":0,"avg":0.48597856574388726}}},"testScenarios":{"ramping_vus":{"startTime":"551s","executor":"ramping-vus","startvus":50,"stages":[{"duration":"1m","target":150},{"duration":"1m","target":100},{"duration":"1m","target":50},{"duration":"30s","target":0}],"gracefulRampDown":"1s"},"constant_request_rate_10_100":{"executor":"constant-arrival-rate","rate":100,"timeUnit":"1s","duration":"1m","preAllocatedVUs":10,"maxVUs":64,"startTime":"0s"},"constant_request_rate_50_100":{"rate":100,"timeUnit":"1s","duration":"1m","preAllocatedVUs":50,"maxVUs":64,"startTime":"62s","executor":"constant-arrival-rate"},"constant_request_rate_50_150":{"executor":"constant-arrival-rate","rate":100,"timeUnit":"1s","duration":"1m","preAllocatedVUs":50,"maxVUs":150,"startTime":"124s"},"constant_request_rate_50_200":{"startTime":"186s","executor":"constant-arrival-rate","rate":150,"timeUnit":"1s","duration":"1m","preAllocatedVUs":50,"maxVUs":200},"constant_request_rate_250":{"maxVUs":200,"startTime":"247s","executor":"constant-arrival-rate","rate":150,"timeUnit":"1s","duration":"3m","preAllocatedVUs":50},"constant_request_rate_230":{"startTime":"430s","executor":"constant-arrival-rate","rate":100,"timeUnit":"1s","duration":"2m","preAllocatedVUs":50,"maxVUs":150}},"root_group":{"name":"","path":"","id":"d41d8cd98f00b204e9800998ecf8427e","groups":[{"name":"setup","path":"::setup","id":"5c0f8025f7e0b6654089e5b00e950f1a","groups":[],"checks":[]},{"name":"teardown","path":"::teardown","id":"a8a9942382e8ffe2e56ef29e664b8229","groups":[],"checks":[]}],"checks":[]},"options":{"summaryTrendStats":["avg","min","med","max","p(90)","p(95)"],"summaryTimeUnit":"","noColor":false}}