{"options":{"summaryTrendStats":["avg","min","med","max","p(90)","p(95)"],"summaryTimeUnit":"","noColor":false},"state":{"isStdOutTTY":true,"isStdErrTTY":true,"testRunDurationMs":523572.979588},"metrics":{"http_req_receiving":{"contains":"time","values":{"max":1.12327,"p(90)":0.066639,"p(95)":0.08136859999999999,"avg":0.04297433492889255,"min":0.006749,"med":0.038297},"type":"trend"},"http_req_blocked":{"type":"trend","contains":"time","values":{"avg":0.42882811917441,"min":0.000527,"med":0.003575,"max":224.901654,"p(90)":0.005639,"p(95)":0.006915}},"iterations":{"contains":"default","values":{"rate":61.9054100643334,"count":32412},"type":"counter"},"data_sent":{"type":"counter","contains":"data","values":{"count":6108058,"rate":11666.106231850308}},"iteration_duration":{"type":"trend","contains":"time","values":{"med":2236.0336475,"max":5736.060273,"p(90)":3363.9847720000002,"p(95)":3635.3068414500003,"avg":2238.95095885478,"min":189.652361}},"http_req_waiting":{"type":"trend","contains":"time","values":{"avg":116.6924734582894,"min":40.341374,"med":94.82912049999999,"max":1919.26293,"p(90)":166.91528010000002,"p(95)":220.30558269999992}},"data_received":{"type":"counter","contains":"data","values":{"rate":46485.7965343287,"count":24338707}},"dropped_iterations":{"type":"counter","contains":"default","values":{"count":15221,"rate":29.07140091907993}},"http_req_duration":{"type":"trend","contains":"time","values":{"avg":116.75195889470778,"min":40.414653,"med":94.882545,"max":1919.321595,"p(90)":166.97957580000005,"p(95)":220.35382699999994}},"http_req_connecting":{"contains":"time","values":{"p(95)":0,"avg":0.42457238953703164,"min":0,"med":0,"max":224.863128,"p(90)":0},"type":"trend"},"http_req_duration{expected_response:true}":{"type":"trend","contains":"time","values":{"avg":116.72587459267402,"min":40.414653,"med":94.876495,"max":1919.321595,"p(90)":166.8362616,"p(95)":220.1650521999998}},"http_reqs":{"type":"counter","contains":"default","values":{"count":64972,"rate":124.0934932339834}},"vus":{"contains":"default","values":{"value":1,"min":0,"max":200},"type":"gauge"},"vus_max":{"type":"gauge","contains":"default","values":{"value":350,"min":180,"max":350}},"http_req_sending":{"type":"trend","contains":"time","values":{"max":1.466912,"p(90)":0.0240449,"p(95)":0.02809569999999998,"avg":0.016511101489872566,"min":0.003056,"med":0.015029}},"http_req_tls_handshaking":{"type":"trend","contains":"time","values":{"max":0,"p(90)":0,"p(95)":0,"avg":0,"min":0,"med":0}},"http_req_failed":{"type":"rate","contains":"default","values":{"fails":64953,"rate":0.0002924336637320692,"passes":19}}},"testScenarios":{"constant_request_rate_250":{"preAllocatedVUs":50,"maxVUs":200,"startTime":"0s","executor":"constant-arrival-rate","rate":150,"timeUnit":"1s","duration":"3m"},"constant_request_rate_230":{"timeUnit":"1s","duration":"2m","preAllocatedVUs":50,"maxVUs":150,"startTime":"3.2m","executor":"constant-arrival-rate","rate":100},"ramping_vus":{"executor":"ramping-vus","startvus":50,"stages":[{"duration":"1m","target":150},{"duration":"1m","target":100},{"duration":"1m","target":50},{"duration":"30s","target":0}],"gracefulRampDown":"1s","startTime":"5.2m"}},"root_group":{"name":"","path":"","id":"d41d8cd98f00b204e9800998ecf8427e","groups":[{"name":"setup","path":"::setup","id":"5c0f8025f7e0b6654089e5b00e950f1a","groups":[],"checks":[]},{"groups":[],"checks":[],"name":"teardown","path":"::teardown","id":"a8a9942382e8ffe2e56ef29e664b8229"}],"checks":[]}}