{"state":{"isStdOutTTY":true,"isStdErrTTY":true,"testRunDurationMs":523423.058076},"metrics":{"http_req_connecting":{"type":"trend","contains":"time","values":{"avg":0.35159058489582523,"min":0,"med":0,"max":76.91108,"p(90)":0,"p(95)":0}},"iteration_duration":{"type":"trend","contains":"time","values":{"avg":2230.242485514886,"min":179.623578,"med":2224.894648,"max":5650.900012,"p(90)":3362.5040808000003,"p(95)":3632.7377730999997}},"http_req_tls_handshaking":{"values":{"p(90)":0,"p(95)":0,"avg":0,"min":0,"med":0,"max":0},"type":"trend","contains":"time"},"http_req_waiting":{"type":"trend","contains":"time","values":{"min":40.350908,"med":96.033079,"max":2431.495163,"p(90)":199.28207480000003,"p(95)":227.4970946,"avg":119.02352889099693}},"http_req_sending":{"type":"trend","contains":"time","values":{"avg":0.020990479019424465,"min":0.002813,"med":0.016885,"max":1.137677,"p(90)":0.0366874,"p(95)":0.0423784}},"iterations":{"values":{"count":32540,"rate":62.16768538934954},"type":"counter","contains":"default"},"http_req_blocked":{"contains":"time","values":{"p(90)":0.008678400000000001,"p(95)":0.010044699999999997,"avg":0.3569403882594606,"min":0.000663,"med":0.003975,"max":76.953613},"type":"trend"},"dropped_iterations":{"type":"counter","contains":"default","values":{"count":15139,"rate":28.923066659783736}},"vus_max":{"values":{"value":350,"min":182,"max":350},"type":"gauge","contains":"default"},"http_reqs":{"type":"counter","contains":"default","values":{"rate":124.61621434822074,"count":65227}},"http_req_duration{expected_response:true}":{"values":{"p(90)":199.3393416,"p(95)":227.56958559999998,"avg":119.09379407327839,"min":40.413161,"med":96.109873,"max":2431.587619},"type":"trend","contains":"time"},"http_req_receiving":{"type":"trend","contains":"time","values":{"p(90)":0.09768260000000001,"p(95)":0.11254709999999998,"avg":0.05444809519064176,"min":0.006865,"med":0.042915,"max":1.220941}},"data_received":{"type":"counter","contains":"data","values":{"count":24401022,"rate":46618.164071130814}},"vus":{"type":"gauge","contains":"default","values":{"value":1,"min":0,"max":200}},"http_req_duration":{"type":"trend","contains":"time","values":{"avg":119.0989674652061,"min":40.413161,"med":96.113665,"max":2431.587619,"p(90)":199.3393416,"p(95)":227.56658639999998}},"http_req_failed":{"type":"rate","contains":"default","values":{"rate":0.0001533107455501556,"passes":10,"fails":65217}},"data_sent":{"type":"counter","contains":"data","values":{"count":6131687,"rate":11714.590913397804}}},"testScenarios":{"constant_request_rate_250":{"timeUnit":"1s","duration":"3m","preAllocatedVUs":50,"maxVUs":200,"startTime":"0s","executor":"constant-arrival-rate","rate":150},"constant_request_rate_230":{"executor":"constant-arrival-rate","rate":100,"timeUnit":"1s","duration":"2m","preAllocatedVUs":50,"maxVUs":150,"startTime":"3.2m"},"ramping_vus":{"executor":"ramping-vus","startvus":50,"stages":[{"duration":"1m","target":150},{"duration":"1m","target":100},{"duration":"1m","target":50},{"duration":"30s","target":0}],"gracefulRampDown":"1s","startTime":"5.2m"}},"root_group":{"name":"","path":"","id":"d41d8cd98f00b204e9800998ecf8427e","groups":[{"checks":[],"name":"setup","path":"::setup","id":"5c0f8025f7e0b6654089e5b00e950f1a","groups":[]},{"name":"teardown","path":"::teardown","id":"a8a9942382e8ffe2e56ef29e664b8229","groups":[],"checks":[]}],"checks":[]},"options":{"summaryTrendStats":["avg","min","med","max","p(90)","p(95)"],"summaryTimeUnit":"","noColor":false}}