{"metrics":{"dropped_iterations":{"type":"counter","contains":"default","values":{"rate":28.61488865371602,"count":14981}},"data_received":{"type":"counter","contains":"data","values":{"count":24458169,"rate":46717.02707487944}},"iteration_duration":{"type":"trend","contains":"time","values":{"avg":2223.862537253673,"min":192.32908,"med":2225.331994,"max":5554.049568,"p(90)":3336.2759812000004,"p(95)":3617.9520343}},"vus":{"type":"gauge","contains":"default","values":{"value":1,"min":0,"max":200}},"http_req_duration{expected_response:true}":{"type":"trend","contains":"time","values":{"avg":112.24818888855762,"min":40.956638,"med":93.924813,"max":2306.685012,"p(90)":149.5386081,"p(95)":196.98245114999997}},"http_req_duration":{"type":"trend","contains":"time","values":{"p(90)":149.55242460000002,"p(95)":196.98128819999994,"avg":112.24926059483292,"min":40.956638,"med":93.925295,"max":2306.685012}},"iterations":{"contains":"default","values":{"count":32613,"rate":62.293395879022796},"type":"counter"},"http_req_blocked":{"type":"trend","contains":"time","values":{"min":0.000945,"med":0.007872,"max":88.977243,"p(90)":0.011198800000000004,"p(95)":0.01494479999999996,"avg":0.36736010293239824}},"http_req_tls_handshaking":{"values":{"med":0,"max":0,"p(90)":0,"p(95)":0,"avg":0,"min":0},"type":"trend","contains":"time"},"http_req_sending":{"type":"trend","contains":"time","values":{"avg":0.040118551007296624,"min":0.003605,"med":0.033398,"max":132.832897,"p(90)":0.048575600000000003,"p(95)":0.059078599999999946}},"http_req_waiting":{"type":"trend","contains":"time","values":{"avg":112.11625887291325,"min":40.889356,"med":93.789977,"max":2306.585354,"p(90)":149.3899078,"p(95)":196.83767199999997}},"http_req_failed":{"type":"rate","contains":"default","values":{"rate":0.00004589050525446285,"passes":3,"fails":65370}},"http_reqs":{"type":"counter","contains":"default","values":{"rate":124.86757332350159,"count":65373}},"http_req_connecting":{"contains":"time","values":{"avg":0.3561470090404294,"min":0,"med":0,"max":88.867496,"p(90)":0,"p(95)":0},"type":"trend"},"vus_max":{"type":"gauge","contains":"default","values":{"value":350,"min":180,"max":350}},"data_sent":{"values":{"count":6145947,"rate":11739.242312037915},"type":"counter","contains":"data"},"http_req_receiving":{"type":"trend","contains":"time","values":{"min":0.011776,"med":0.086084,"max":1.987009,"p(90)":0.1311894,"p(95)":0.16393279999999957,"avg":0.09288317091153865}}},"testScenarios":{"constant_request_rate_250":{"startTime":"0s","executor":"constant-arrival-rate","rate":150,"timeUnit":"1s","duration":"3m","preAllocatedVUs":50,"maxVUs":200},"constant_request_rate_230":{"startTime":"3.2m","executor":"constant-arrival-rate","rate":100,"timeUnit":"1s","duration":"2m","preAllocatedVUs":50,"maxVUs":150},"ramping_vus":{"startvus":50,"stages":[{"duration":"1m","target":150},{"duration":"1m","target":100},{"duration":"1m","target":50},{"duration":"30s","target":0}],"gracefulRampDown":"1s","startTime":"5.2m","executor":"ramping-vus"}},"root_group":{"id":"d41d8cd98f00b204e9800998ecf8427e","groups":[{"checks":[],"name":"setup","path":"::setup","id":"5c0f8025f7e0b6654089e5b00e950f1a","groups":[]},{"name":"teardown","path":"::teardown","id":"a8a9942382e8ffe2e56ef29e664b8229","groups":[],"checks":[]}],"checks":[],"name":"","path":""},"options":{"summaryTrendStats":["avg","min","med","max","p(90)","p(95)"],"summaryTimeUnit":"","noColor":false},"state":{"isStdOutTTY":true,"isStdErrTTY":true,"testRunDurationMs":523538.643861}}