{"state":{"isStdOutTTY":true,"isStdErrTTY":true,"testRunDurationMs":63647.700292},"metrics":{"vus":{"contains":"default","values":{"value":199,"min":92,"max":200},"type":"gauge"},"iterations":{"type":"counter","contains":"default","values":{"count":4668,"rate":73.34122016324805}},"dropped_iterations":{"type":"counter","contains":"default","values":{"count":7762,"rate":121.95256017719183}},"http_req_connecting":{"type":"trend","contains":"time","values":{"avg":1.4232218828604088,"min":0,"med":0,"max":147.376095,"p(90)":0,"p(95)":0}},"http_req_tls_handshaking":{"type":"trend","contains":"time","values":{"avg":0,"min":0,"med":0,"max":0,"p(90)":0,"p(95)":0}},"http_req_receiving":{"type":"trend","contains":"time","values":{"avg":0.10452132065273874,"min":0.01337,"med":0.094134,"max":8.010956,"p(90)":0.138743,"p(95)":0.173177}},"http_reqs":{"type":"counter","contains":"default","values":{"count":9621,"rate":151.16021405111601}},"http_req_waiting":{"type":"trend","contains":"time","values":{"max":6101.965058,"p(90)":193.245991,"p(95)":719.452237,"avg":303.4399223736619,"min":43.515111,"med":97.404717}},"data_sent":{"contains":"data","values":{"count":906658,"rate":14244.945156548878},"type":"counter"},"data_received":{"type":"counter","contains":"data","values":{"count":3504244,"rate":55056.883185462946}},"iteration_duration":{"type":"trend","contains":"time","values":{"p(95)":6590.261135800001,"avg":2611.5350749267614,"min":207.076354,"med":2301.6422975,"max":9411.578496,"p(90)":3856.621555500001}},"vus_max":{"type":"gauge","contains":"default","values":{"value":300,"min":192,"max":300}},"http_req_duration{expected_response:true}":{"type":"trend","contains":"time","values":{"max":6102.031823,"p(90)":187.52309899999992,"p(95)":635.1262180999977,"avg":289.13944199039776,"min":43.643135,"med":97.4582205}},"http_req_blocked":{"type":"trend","contains":"time","values":{"min":0.001584,"med":0.008466,"max":147.490036,"p(90)":0.013046,"p(95)":0.02195,"avg":1.4350140801372007}},"http_req_sending":{"contains":"time","values":{"avg":0.04081385843467418,"min":0.007546,"med":0.036073,"max":3.599546,"p(90)":0.055228,"p(95)":0.068147},"type":"trend"},"http_req_failed":{"type":"rate","contains":"default","values":{"rate":0.004053632678515747,"passes":39,"fails":9582}},"http_req_duration":{"type":"trend","contains":"time","values":{"avg":303.5852575527482,"min":43.643135,"med":97.530828,"max":6102.031823,"p(90)":193.464304,"p(95)":719.558306}}},"testScenarios":{"constant_request_rate_230":{"executor":"constant-arrival-rate","rate":250,"timeUnit":"1s","duration":"2m","preAllocatedVUs":50,"maxVUs":150,"startTime":"3.2m"},"ramping_vus":{"gracefulRampDown":"1s","startTime":"5.2m","executor":"ramping-vus","startvus":50,"stages":[{"duration":"1m","target":150},{"duration":"1m","target":100},{"target":50,"duration":"1m"},{"target":0,"duration":"30s"}]},"constant_request_rate_250":{"maxVUs":200,"startTime":"0s","executor":"constant-arrival-rate","rate":200,"timeUnit":"1s","duration":"3m","preAllocatedVUs":50}},"root_group":{"checks":[],"name":"","path":"","id":"d41d8cd98f00b204e9800998ecf8427e","groups":[{"name":"setup","path":"::setup","id":"5c0f8025f7e0b6654089e5b00e950f1a","groups":[],"checks":[]},{"name":"teardown","path":"::teardown","id":"a8a9942382e8ffe2e56ef29e664b8229","groups":[],"checks":[]}]},"options":{"noColor":false,"summaryTrendStats":["avg","min","med","max","p(90)","p(95)"],"summaryTimeUnit":""}}