{"metrics":{"dropped_iterations":{"contains":"default","values":{"count":32520,"rate":42.67622017742381},"type":"counter"},"iterations":{"type":"counter","contains":"default","values":{"count":41392,"rate":54.3190069367751}},"http_req_failed":{"type":"rate","contains":"default","values":{"rate":0.010165567306184958,"passes":843,"fails":82084}},"http_req_receiving":{"type":"trend","contains":"time","values":{"max":1.449593,"p(90)":0.11078580000000002,"p(95)":0.12953939999999997,"avg":0.07622222331689466,"min":0.005532,"med":0.074447}},"data_sent":{"contains":"data","values":{"count":7795720,"rate":10230.37709598851},"type":"counter"},"http_req_blocked":{"type":"trend","contains":"time","values":{"avg":0.341327458222297,"min":0.00069,"med":0.007191,"max":1117.793429,"p(90)":0.009577,"p(95)":0.011700399999999994}},"http_req_sending":{"type":"trend","contains":"time","values":{"max":1.159176,"p(90)":0.043422400000000014,"p(95)":0.051355,"avg":0.03222994906363452,"min":0.002954,"med":0.031757}},"data_received":{"contains":"data","values":{"count":30998041,"rate":40678.94289006182},"type":"counter"},"http_req_duration":{"type":"trend","contains":"time","values":{"p(95)":638.6498244999999,"avg":228.04181371003705,"min":40.634744,"med":135.77368,"max":3011.535342,"p(90)":455.5149576000005}},"http_req_tls_handshaking":{"type":"trend","contains":"time","values":{"avg":0,"min":0,"med":0,"max":0,"p(90)":0,"p(95)":0}},"vus":{"type":"gauge","contains":"default","values":{"value":0,"min":0,"max":214}},"http_req_duration{expected_response:true}":{"type":"trend","contains":"time","values":{"avg":226.38824288522872,"min":40.634744,"med":134.1903015,"max":3011.535342,"p(90)":451.7059792,"p(95)":634.828255699999}},"http_req_waiting":{"type":"trend","contains":"time","values":{"avg":227.93336153765495,"min":40.521677,"med":135.667623,"max":3011.485619,"p(90)":455.4089024000003,"p(95)":638.5379628}},"vus_max":{"type":"gauge","contains":"default","values":{"max":400,"value":400,"min":180}},"iteration_duration":{"values":{"med":2430.832286,"max":7591.105323,"p(90)":3627.8465675,"p(95)":3927.0094133000002,"avg":2450.8120341543704,"min":191.686004},"type":"trend","contains":"time"},"http_req_connecting":{"contains":"time","values":{"p(90)":0,"p(95)":0,"avg":0.3334090433996168,"min":0,"med":0,"max":1117.69073},"type":"trend"},"http_reqs":{"type":"counter","contains":"default","values":{"count":82927,"rate":108.82567375932423}}},"testScenarios":{"constant_request_rate_50_200":{"startTime":"186s","executor":"constant-arrival-rate","rate":150,"timeUnit":"1s","duration":"1m","preAllocatedVUs":50,"maxVUs":200},"constant_request_rate_250":{"timeUnit":"1s","duration":"3m","preAllocatedVUs":50,"maxVUs":200,"startTime":"247s","executor":"constant-arrival-rate","rate":150},"constant_request_rate_230":{"startTime":"430s","executor":"constant-arrival-rate","rate":100,"timeUnit":"1s","duration":"2m","preAllocatedVUs":50,"maxVUs":150},"ramping_vus":{"executor":"ramping-vus","startvus":50,"stages":[{"target":150,"duration":"1m"},{"duration":"1m","target":100},{"duration":"1m","target":50},{"duration":"30s","target":0}],"gracefulRampDown":"1s","startTime":"551s"},"constant_request_rate_10_100":{"executor":"constant-arrival-rate","rate":100,"timeUnit":"1s","duration":"1m","preAllocatedVUs":10,"maxVUs":64,"startTime":"0s"},"constant_request_rate_50_100":{"rate":100,"timeUnit":"1s","duration":"1m","preAllocatedVUs":50,"maxVUs":64,"startTime":"62s","executor":"constant-arrival-rate"},"constant_request_rate_50_150":{"timeUnit":"1s","duration":"1m","preAllocatedVUs":50,"maxVUs":150,"startTime":"124s","executor":"constant-arrival-rate","rate":100}},"root_group":{"id":"d41d8cd98f00b204e9800998ecf8427e","groups":[{"name":"setup","path":"::setup","id":"5c0f8025f7e0b6654089e5b00e950f1a","groups":[],"checks":[]},{"checks":[],"name":"teardown","path":"::teardown","id":"a8a9942382e8ffe2e56ef29e664b8229","groups":[]}],"checks":[],"name":"","path":""},"options":{"noColor":false,"summaryTrendStats":["avg","min","med","max","p(90)","p(95)"],"summaryTimeUnit":""},"state":{"testRunDurationMs":762016.87649,"isStdOutTTY":true,"isStdErrTTY":true}}