{"options":{"summaryTrendStats":["avg","min","med","max","p(90)","p(95)"],"summaryTimeUnit":"","noColor":false},"state":{"isStdOutTTY":true,"isStdErrTTY":true,"testRunDurationMs":762963.416172},"metrics":{"http_req_tls_handshaking":{"type":"trend","contains":"time","values":{"avg":0,"min":0,"med":0,"max":0,"p(90)":0,"p(95)":0}},"data_sent":{"type":"counter","contains":"data","values":{"count":8443230,"rate":11066.36284392512}},"vus_max":{"type":"gauge","contains":"default","values":{"value":400,"min":169,"max":400}},"http_req_sending":{"type":"trend","contains":"time","values":{"max":9.719306,"p(90)":0.05333190000000001,"p(95)":0.06445424999999998,"avg":0.038253357919186784,"min":0,"med":0.0349435}},"iterations":{"type":"counter","contains":"default","values":{"count":45555,"rate":59.70797424149394}},"iteration_duration":{"values":{"max":11419.925674,"p(90)":3329.8491000000004,"p(95)":3586.4616008,"avg":2221.5636769461007,"min":19.876719,"med":2210.597943},"type":"trend","contains":"time"},"http_req_duration":{"type":"trend","contains":"time","values":{"min":0,"med":102.5298,"max":7712.599247,"p(90)":112.4169715,"p(95)":124.90723104999996,"avg":108.39205956333743}},"http_req_waiting":{"type":"trend","contains":"time","values":{"avg":108.04949551736671,"min":0,"med":102.249221,"max":7712.437434,"p(90)":112.1177307,"p(95)":124.56342205}},"data_received":{"type":"counter","contains":"data","values":{"count":30642212,"rate":40162.09866750953}},"http_req_connecting":{"type":"trend","contains":"time","values":{"avg":0.2930845731987904,"min":0,"med":0,"max":7208.561051,"p(90)":0,"p(95)":0}},"vus":{"contains":"default","values":{"max":200,"value":0,"min":0},"type":"gauge"},"dropped_iterations":{"type":"counter","contains":"default","values":{"count":28892,"rate":37.868132845686375}},"http_req_receiving":{"type":"trend","contains":"time","values":{"min":0,"med":0.107053,"max":419.575628,"p(90)":0.7705046000000002,"p(95)":0.9770119999999998,"avg":0.3043106880532915}},"http_req_duration{expected_response:true}":{"type":"trend","contains":"time","values":{"p(90)":112.466673,"p(95)":125.125692,"avg":108.97230917173279,"min":39.958718,"med":102.665133,"max":7712.599247}},"http_req_failed":{"contains":"default","values":{"rate":0.005324743623455167,"passes":486,"fails":90786},"type":"rate"},"http_reqs":{"type":"counter","contains":"default","values":{"rate":119.62827845394874,"count":91272}},"http_req_blocked":{"values":{"med":0.008114,"max":7208.714198,"p(90)":0.011998900000000009,"p(95)":0.015264,"avg":0.3025188224647214,"min":0},"type":"trend","contains":"time"}},"testScenarios":{"constant_request_rate_10_100":{"preAllocatedVUs":10,"maxVUs":64,"startTime":"0s","executor":"constant-arrival-rate","rate":100,"timeUnit":"1s","duration":"1m"},"constant_request_rate_50_100":{"duration":"1m","preAllocatedVUs":50,"maxVUs":64,"startTime":"62s","executor":"constant-arrival-rate","rate":100,"timeUnit":"1s"},"constant_request_rate_50_150":{"rate":100,"timeUnit":"1s","duration":"1m","preAllocatedVUs":50,"maxVUs":150,"startTime":"124s","executor":"constant-arrival-rate"},"constant_request_rate_50_200":{"timeUnit":"1s","duration":"1m","preAllocatedVUs":50,"maxVUs":200,"startTime":"186s","executor":"constant-arrival-rate","rate":150},"constant_request_rate_250":{"duration":"3m","preAllocatedVUs":50,"maxVUs":200,"startTime":"247s","executor":"constant-arrival-rate","rate":150,"timeUnit":"1s"},"constant_request_rate_230":{"duration":"2m","preAllocatedVUs":50,"maxVUs":150,"startTime":"430s","executor":"constant-arrival-rate","rate":100,"timeUnit":"1s"},"ramping_vus":{"startvus":50,"stages":[{"duration":"1m","target":150},{"duration":"1m","target":100},{"duration":"1m","target":50},{"duration":"30s","target":0}],"gracefulRampDown":"1s","startTime":"551s","executor":"ramping-vus"}},"root_group":{"groups":[{"groups":[],"checks":[],"name":"setup","path":"::setup","id":"5c0f8025f7e0b6654089e5b00e950f1a"},{"name":"teardown","path":"::teardown","id":"a8a9942382e8ffe2e56ef29e664b8229","groups":[],"checks":[]}],"checks":[],"name":"","path":"","id":"d41d8cd98f00b204e9800998ecf8427e"}}