{"metrics":{"http_req_failed":{"type":"rate","contains":"default","values":{"rate":0,"passes":0,"fails":91067}},"http_req_blocked":{"type":"trend","contains":"time","values":{"p(95)":0.011422699999999997,"avg":0.15333802812215033,"min":0.000632,"med":0.007041,"max":100.282786,"p(90)":0.009418400000000009}},"http_req_connecting":{"type":"trend","contains":"time","values":{"avg":0.14569871831728293,"min":0,"med":0,"max":100.228198,"p(90)":0,"p(95)":0}},"data_sent":{"type":"counter","contains":"data","values":{"count":8469708,"rate":11104.882238884125}},"http_req_tls_handshaking":{"type":"trend","contains":"time","values":{"max":0,"p(90)":0,"p(95)":0,"avg":0,"min":0,"med":0}},"http_req_waiting":{"type":"trend","contains":"time","values":{"max":2234.921731,"p(90)":179.71221240000003,"p(95)":212.1648175,"avg":113.03791329424566,"min":39.017123,"med":102.680389}},"http_req_duration":{"type":"trend","contains":"time","values":{"avg":113.30499659392648,"min":39.368006,"med":102.918829,"max":2235.006513,"p(90)":179.920902,"p(95)":212.5066451}},"vus":{"contains":"default","values":{"value":1,"min":1,"max":200},"type":"gauge"},"http_req_sending":{"type":"trend","contains":"time","values":{"avg":0.031509129190596,"min":0.002591,"med":0.031079,"max":0.644309,"p(90)":0.04260540000000001,"p(95)":0.050014399999999994}},"iterations":{"type":"counter","contains":"default","values":{"count":45464,"rate":59.60918205310359}},"dropped_iterations":{"type":"counter","contains":"default","values":{"count":28903,"rate":37.895569876844384}},"http_reqs":{"type":"counter","contains":"default","values":{"count":91067,"rate":119.40061107755552}},"data_received":{"type":"counter","contains":"data","values":{"count":30321274,"rate":39755.11045988114}},"vus_max":{"contains":"default","values":{"value":400,"min":182,"max":400},"type":"gauge"},"http_req_receiving":{"type":"trend","contains":"time","values":{"avg":0.23557417048985885,"min":0.007049,"med":0.084609,"max":282.911831,"p(90)":0.6669008000000005,"p(95)":0.9048854}},"iteration_duration":{"type":"trend","contains":"time","values":{"avg":2227.2243564648215,"min":134.455733,"med":2228.268183,"max":4605.085572,"p(90)":3327.7230310000004,"p(95)":3599.8597714999996}},"http_req_duration{expected_response:true}":{"type":"trend","contains":"time","values":{"avg":113.30499659392648,"min":39.368006,"med":102.918829,"max":2235.006513,"p(90)":179.920902,"p(95)":212.5066451}}},"testScenarios":{"constant_request_rate_230":{"executor":"constant-arrival-rate","rate":100,"timeUnit":"1s","duration":"2m","preAllocatedVUs":50,"maxVUs":150,"startTime":"430s"},"ramping_vus":{"gracefulRampDown":"1s","startTime":"551s","executor":"ramping-vus","startvus":50,"stages":[{"duration":"1m","target":150},{"duration":"1m","target":100},{"duration":"1m","target":50},{"target":0,"duration":"30s"}]},"constant_request_rate_10_100":{"maxVUs":64,"startTime":"0s","executor":"constant-arrival-rate","rate":100,"timeUnit":"1s","duration":"1m","preAllocatedVUs":10},"constant_request_rate_50_100":{"timeUnit":"1s","duration":"1m","preAllocatedVUs":50,"maxVUs":64,"startTime":"62s","executor":"constant-arrival-rate","rate":100},"constant_request_rate_50_150":{"timeUnit":"1s","duration":"1m","preAllocatedVUs":50,"maxVUs":150,"startTime":"124s","executor":"constant-arrival-rate","rate":100},"constant_request_rate_50_200":{"rate":150,"timeUnit":"1s","duration":"1m","preAllocatedVUs":50,"maxVUs":200,"startTime":"186s","executor":"constant-arrival-rate"},"constant_request_rate_250":{"maxVUs":200,"startTime":"247s","executor":"constant-arrival-rate","rate":150,"timeUnit":"1s","duration":"3m","preAllocatedVUs":50}},"root_group":{"name":"","path":"","id":"d41d8cd98f00b204e9800998ecf8427e","groups":[{"name":"setup","path":"::setup","id":"5c0f8025f7e0b6654089e5b00e950f1a","groups":[],"checks":[]},{"name":"teardown","path":"::teardown","id":"a8a9942382e8ffe2e56ef29e664b8229","groups":[],"checks":[]}],"checks":[]},"options":{"summaryTrendStats":["avg","min","med","max","p(90)","p(95)"],"summaryTimeUnit":"","noColor":false},"state":{"isStdOutTTY":true,"isStdErrTTY":true,"testRunDurationMs":762701.289199}}