{"options":{"summaryTrendStats":["avg","min","med","max","p(90)","p(95)"],"summaryTimeUnit":"","noColor":false},"state":{"isStdOutTTY":true,"isStdErrTTY":true,"testRunDurationMs":312379.968669},"metrics":{"http_reqs":{"type":"counter","contains":"default","values":{"count":30003,"rate":96.0464914822736}},"vus":{"type":"gauge","contains":"default","values":{"value":1,"min":1,"max":10}},"http_req_sending":{"values":{"avg":0.016775999100089985,"min":0.001749,"med":0.012394,"max":1.259992,"p(90)":0.0310458,"p(95)":0.03548939999999997},"type":"trend","contains":"time"},"iteration_duration":{"values":{"avg":102.12406700116726,"min":53.733953,"med":85.4574565,"max":1272.043852,"p(90)":155.26942540000002,"p(95)":206.50701194999994},"type":"trend","contains":"time"},"iterations":{"type":"counter","contains":"default","values":{"count":30000,"rate":96.03688779349424}},"http_req_duration{expected_response:true}":{"type":"trend","contains":"time","values":{"min":53.678855,"med":85.32642,"max":1271.882695,"p(90)":155.12524299999998,"p(95)":206.392547,"avg":101.9844543358321}},"http_req_failed":{"type":"rate","contains":"default","values":{"passes":0,"fails":30003,"rate":0}},"vus_max":{"type":"gauge","contains":"default","values":{"max":10,"value":10,"min":10}},"data_sent":{"values":{"count":3180276,"rate":10180.79364547809},"type":"counter","contains":"data"},"http_req_blocked":{"type":"trend","contains":"time","values":{"avg":0.030462601539846035,"min":0.000343,"med":0.002589,"max":71.44957,"p(90)":0.005692,"p(95)":0.006658899999999998}},"http_req_waiting":{"contains":"time","values":{"avg":101.90691487761187,"min":53.638693,"med":85.229096,"max":1271.752609,"p(90)":155.0630918,"p(95)":206.35171099999997},"type":"trend"},"data_received":{"values":{"count":8662840,"rate":27731.739768433123},"type":"counter","contains":"data"},"http_req_connecting":{"type":"trend","contains":"time","values":{"avg":0.027008301103223012,"min":0,"med":0,"max":71.306084,"p(90)":0,"p(95)":0}},"http_req_receiving":{"contains":"time","values":{"avg":0.06076345912075497,"min":0.005973,"med":0.049283,"max":1.566195,"p(90)":0.10663360000000001,"p(95)":0.12285089999999999},"type":"trend"},"http_req_duration":{"contains":"time","values":{"med":85.32642,"max":1271.882695,"p(90)":155.12524299999998,"p(95)":206.392547,"avg":101.9844543358321,"min":53.678855},"type":"trend"},"http_req_tls_handshaking":{"values":{"avg":0,"min":0,"med":0,"max":0,"p(90)":0,"p(95)":0},"type":"trend","contains":"time"}},"root_group":{"path":"","id":"d41d8cd98f00b204e9800998ecf8427e","groups":[{"checks":[],"name":"setup","path":"::setup","id":"5c0f8025f7e0b6654089e5b00e950f1a","groups":[]},{"path":"::teardown","id":"a8a9942382e8ffe2e56ef29e664b8229","groups":[],"checks":[],"name":"teardown"}],"checks":[],"name":""}}