{"options":{"summaryTimeUnit":"","noColor":false,"summaryTrendStats":["avg","min","med","max","p(90)","p(95)"]},"state":{"isStdOutTTY":true,"isStdErrTTY":true,"testRunDurationMs":24375.829278},"metrics":{"http_req_connecting":{"type":"trend","contains":"time","values":{"avg":0.5058429901079137,"min":0,"med":0,"max":69.287944,"p(90)":0,"p(95)":0}},"http_reqs":{"type":"counter","contains":"default","values":{"rate":45.61896078766917,"count":1112}},"http_req_duration":{"values":{"avg":216.9682573021578,"min":39.678388,"med":82.874977,"max":3990.178268,"p(90)":432.57979639999996,"p(95)":642.6419493000001},"type":"trend","contains":"time"},"http_req_sending":{"values":{"med":0.030463,"max":0.227216,"p(90)":0.0439451,"p(95)":0.050426100000000036,"avg":0.03229261960431655,"min":0.004256},"type":"trend","contains":"time"},"http_req_blocked":{"values":{"max":69.352308,"p(90)":0.0075235,"p(95)":0.0098247,"avg":0.512396772482016,"min":0.000799,"med":0.005261},"type":"trend","contains":"time"},"http_req_failed":{"type":"rate","contains":"default","values":{"rate":0.0017985611510791368,"passes":2,"fails":1110}},"vus":{"type":"gauge","contains":"default","values":{"max":10,"value":10,"min":10}},"http_req_duration{expected_response:true}":{"type":"trend","contains":"time","values":{"avg":214.60117817837795,"min":39.678388,"med":82.6803285,"max":3990.178268,"p(90)":429.6775736000001,"p(95)":628.2200753}},"vus_max":{"type":"gauge","contains":"default","values":{"value":10,"min":10,"max":10}},"http_req_tls_handshaking":{"type":"trend","contains":"time","values":{"med":0,"max":0,"p(90)":0,"p(95)":0,"avg":0,"min":0}},"http_req_waiting":{"type":"trend","contains":"time","values":{"avg":216.85200487410083,"min":39.571869,"med":82.7976615,"max":3990.034706,"p(90)":432.46349159999994,"p(95)":642.5154508}},"data_sent":{"type":"counter","contains":"data","values":{"count":118932,"rate":4879.095543524342}},"http_req_receiving":{"type":"trend","contains":"time","values":{"avg":0.08395980845323725,"min":0.015596,"med":0.0804335,"max":0.269983,"p(90)":0.11529609999999998,"p(95)":0.12776375}},"data_received":{"values":{"count":170150,"rate":6980.275339947759},"type":"counter","contains":"data"},"iteration_duration":{"type":"trend","contains":"time","values":{"max":3990.40383,"p(90)":432.722493,"p(95)":642.7955870000001,"avg":217.66676371133127,"min":39.868622,"med":84.934755}},"iterations":{"type":"counter","contains":"default","values":{"count":1112,"rate":45.61896078766917}}},"root_group":{"name":"","path":"","id":"d41d8cd98f00b204e9800998ecf8427e","groups":[],"checks":[]}}