{"state":{"isStdOutTTY":true,"isStdErrTTY":true,"testRunDurationMs":30251.810997},"metrics":{"http_reqs":{"type":"counter","contains":"default","values":{"count":2902,"rate":95.9281413032689}},"http_req_duration":{"values":{"avg":66.43243510923486,"min":38.141715,"med":67.819885,"max":780.583864,"p(90)":68.77142359999999,"p(95)":70.02420409999999},"type":"trend","contains":"time"},"http_req_duration{expected_response:true}":{"type":"trend","contains":"time","values":{"avg":66.43243510923486,"min":38.141715,"med":67.819885,"max":780.583864,"p(90)":68.77142359999999,"p(95)":70.02420409999999}},"http_req_connecting":{"type":"trend","contains":"time","values":{"avg":0.21096913335630602,"min":0,"med":0,"max":67.055558,"p(90)":0,"p(95)":0}},"http_req_receiving":{"values":{"avg":0.08784765713301164,"min":0.023148,"med":0.084074,"max":0.915767,"p(90)":0.11372960000000001,"p(95)":0.13302695},"type":"trend","contains":"time"},"http_req_tls_handshaking":{"values":{"avg":0,"min":0,"med":0,"max":0,"p(90)":0,"p(95)":0},"type":"trend","contains":"time"},"http_req_failed":{"type":"rate","contains":"default","values":{"rate":0,"passes":0,"fails":2902}},"http_req_waiting":{"type":"trend","contains":"time","values":{"p(90)":68.6413048,"p(95)":69.86730634999999,"avg":66.3074429717437,"min":38.072243,"med":67.696587,"max":780.432221}},"vus":{"type":"gauge","contains":"default","values":{"max":9,"value":7,"min":5}},"data_sent":{"type":"counter","contains":"data","values":{"count":266984,"rate":8825.388999900739}},"iterations":{"type":"counter","contains":"default","values":{"count":2902,"rate":95.9281413032689}},"http_req_sending":{"type":"trend","contains":"time","values":{"med":0.035377,"max":0.490557,"p(90)":0.045718600000000005,"p(95)":0.052931849999999975,"avg":0.03714448035837353,"min":0.012441}},"data_received":{"type":"counter","contains":"data","values":{"count":1494530,"rate":49402.99277118348}},"iteration_duration":{"type":"trend","contains":"time","values":{"max":780.873537,"p(90)":69.0117264,"p(95)":70.56392229999999,"avg":66.83975296416261,"min":38.272369,"med":68.012737}},"dropped_iterations":{"type":"counter","contains":"default","values":{"count":98,"rate":3.2394754816403695}},"vus_max":{"type":"gauge","contains":"default","values":{"value":10,"min":10,"max":10}},"http_req_blocked":{"type":"trend","contains":"time","values":{"avg":0.21990142660234302,"min":0.003054,"med":0.0078335,"max":67.198418,"p(90)":0.010246,"p(95)":0.012041549999999995}}},"root_group":{"id":"d41d8cd98f00b204e9800998ecf8427e","groups":[],"checks":[],"name":"","path":""},"options":{"summaryTrendStats":["avg","min","med","max","p(90)","p(95)"],"summaryTimeUnit":"","noColor":false}}