{"root_group":{"name":"","path":"","id":"d41d8cd98f00b204e9800998ecf8427e","groups":[],"checks":[]},"options":{"summaryTrendStats":["avg","min","med","max","p(90)","p(95)"],"summaryTimeUnit":"","noColor":false},"state":{"testRunDurationMs":602001.028869,"isStdOutTTY":true,"isStdErrTTY":true},"metrics":{"http_req_waiting":{"type":"trend","contains":"time","values":{"p(95)":2491.0023412500004,"avg":698.417911920987,"min":104.262653,"med":285.43143499999996,"max":10039.748075,"p(90)":1869.514967}},"vus_max":{"type":"gauge","contains":"default","values":{"value":10,"min":10,"max":10}},"iterations":{"type":"counter","contains":"default","values":{"count":4301,"rate":7.144506061859124}},"http_req_blocked":{"type":"trend","contains":"time","values":{"max":95.215024,"p(90)":0.008761,"p(95)":0.01015825,"avg":0.1076735793632349,"min":0.000755,"med":0.006145}},"http_reqs":{"values":{"count":8606,"rate":14.295656630634648},"type":"counter","contains":"default"},"data_sent":{"contains":"data","values":{"count":817950,"rate":1358.7186080673496},"type":"counter"},"vus":{"values":{"value":4,"min":4,"max":10},"type":"gauge","contains":"default"},"http_req_tls_handshaking":{"type":"trend","contains":"time","values":{"max":0,"p(90)":0,"p(95)":0,"avg":0,"min":0,"med":0}},"iteration_duration":{"type":"trend","contains":"time","values":{"avg":1396.6111918040015,"min":240.074908,"med":623.393516,"max":11539.383345,"p(90)":3477.803819,"p(95)":4005.928024}},"http_req_duration{expected_response:true}":{"contains":"time","values":{"avg":698.7112770413177,"min":104.416284,"med":285.565539,"max":10039.875995,"p(90)":1871.6580139000012,"p(95)":2491.1866644},"type":"trend"},"http_req_duration":{"type":"trend","contains":"time","values":{"max":10039.875995,"p(90)":1869.6372545,"p(95)":2491.1776120000004,"avg":698.6141372672557,"min":104.416284,"med":285.6877895}},"http_req_sending":{"type":"trend","contains":"time","values":{"p(95)":0.05563875,"avg":0.03565767778294209,"min":0.003197,"med":0.0338705,"max":0.685876,"p(90)":0.047372}},"http_req_receiving":{"type":"trend","contains":"time","values":{"min":0.009962,"med":0.099194,"max":399.448257,"p(90)":0.1346525,"p(95)":0.1486985,"avg":0.1605676684871021}},"http_req_connecting":{"type":"trend","contains":"time","values":{"max":95.160191,"p(90)":0,"p(95)":0,"avg":0.10079353857773646,"min":0,"med":0}},"http_req_failed":{"type":"rate","contains":"default","values":{"rate":0.0016267720195212642,"passes":14,"fails":8592}},"data_received":{"type":"counter","contains":"data","values":{"count":2414293,"rate":4010.4466341790394}},"dropped_iterations":{"type":"counter","contains":"default","values":{"count":95695,"rate":158.96152234122502}}}}