{"state":{"isStdOutTTY":true,"isStdErrTTY":true,"testRunDurationMs":524340.723426},"metrics":{"http_reqs":{"type":"counter","contains":"default","values":{"rate":100.78751780846234,"count":52847}},"http_req_tls_handshaking":{"type":"trend","contains":"time","values":{"min":0,"med":0,"max":0,"p(90)":0,"p(95)":0,"avg":0}},"http_req_receiving":{"type":"trend","contains":"time","values":{"avg":0.2231003301038863,"min":0.017815,"med":0.107271,"max":783.136851,"p(90)":0.17343940000000002,"p(95)":0.21971139999999997}},"data_received":{"type":"counter","contains":"data","values":{"rate":33902.768192119656,"count":17776602}},"iterations":{"type":"counter","contains":"default","values":{"count":26349,"rate":50.25167571924943}},"http_req_failed":{"type":"rate","contains":"default","values":{"rate":0,"passes":0,"fails":52847}},"iteration_duration":{"type":"trend","contains":"time","values":{"avg":2759.6394367154944,"min":756.365737,"med":2762.492016,"max":5092.41297,"p(90)":3858.651652,"p(95)":4132.717549}},"http_req_duration":{"type":"trend","contains":"time","values":{"max":1173.135727,"p(90)":399.7383562,"p(95)":407.8448036,"avg":375.83460438719266,"min":320.112379,"med":373.9592}},"http_req_duration{expected_response:true}":{"type":"trend","contains":"time","values":{"p(95)":407.8448036,"avg":375.83460438719266,"min":320.112379,"med":373.9592,"max":1173.135727,"p(90)":399.7383562}},"vus":{"type":"gauge","contains":"default","values":{"min":0,"max":200,"value":0}},"dropped_iterations":{"type":"counter","contains":"default","values":{"count":19469,"rate":37.13043662294839}},"http_req_waiting":{"values":{"avg":375.5671272941716,"min":319.97706,"med":373.739185,"max":1163.815147,"p(90)":399.5171804,"p(95)":407.6049981},"type":"trend","contains":"time"},"http_req_connecting":{"values":{"p(95)":0,"avg":1.9769407256608695,"min":0,"med":0,"max":339.34918,"p(90)":0},"type":"trend","contains":"time"},"data_sent":{"values":{"count":4916378,"rate":9376.303957237544},"type":"counter","contains":"data"},"vus_max":{"contains":"default","values":{"value":350,"min":150,"max":350},"type":"gauge"},"http_req_blocked":{"type":"trend","contains":"time","values":{"avg":1.9882251382860066,"min":0.001575,"med":0.009358,"max":339.477019,"p(90)":0.013385,"p(95)":0.01689379999999999}},"http_req_sending":{"type":"trend","contains":"time","values":{"p(95)":0.06837989999999998,"avg":0.044376762919370684,"min":0.006154,"med":0.040925,"max":1.251238,"p(90)":0.060168600000000017}}},"testScenarios":{"ramping_vus":{"executor":"ramping-vus","startvus":50,"stages":[{"duration":"1m","target":150},{"duration":"1m","target":100},{"duration":"1m","target":50},{"target":0,"duration":"30s"}],"gracefulRampDown":"1s","startTime":"5.2m"},"constant_request_rate_250":{"maxVUs":200,"startTime":"0s","executor":"constant-arrival-rate","rate":150,"timeUnit":"1s","duration":"3m","preAllocatedVUs":50},"constant_request_rate_230":{"executor":"constant-arrival-rate","rate":100,"timeUnit":"1s","duration":"2m","preAllocatedVUs":50,"maxVUs":150,"startTime":"3.2m"}},"root_group":{"name":"","path":"","id":"d41d8cd98f00b204e9800998ecf8427e","groups":[{"path":"::setup","id":"5c0f8025f7e0b6654089e5b00e950f1a","groups":[],"checks":[],"name":"setup"},{"groups":[],"checks":[],"name":"teardown","path":"::teardown","id":"a8a9942382e8ffe2e56ef29e664b8229"}],"checks":[]},"options":{"summaryTrendStats":["avg","min","med","max","p(90)","p(95)"],"summaryTimeUnit":"","noColor":false}}