{"metrics":{"vus_max":{"type":"gauge","contains":"default","values":{"min":176,"max":350,"value":350}},"http_req_connecting":{"type":"trend","contains":"time","values":{"p(95)":0,"avg":0.17764431725314772,"min":0,"med":0,"max":361.051416,"p(90)":0}},"data_sent":{"type":"counter","contains":"data","values":{"count":6049762,"rate":11555.14765589326}},"iteration_duration":{"type":"trend","contains":"time","values":{"med":2231.054085,"max":4688.944044,"p(90)":3347.905962,"p(95)":3609.9840607999995,"avg":2235.6784456950973,"min":215.249006}},"http_req_duration":{"values":{"min":40.831914,"med":109.986158,"max":1266.252273,"p(90)":131.1789262,"p(95)":196.79484779999999,"avg":115.87280937253456},"type":"trend","contains":"time"},"dropped_iterations":{"type":"counter","contains":"default","values":{"count":14953,"rate":28.56048269313271}},"http_req_sending":{"contains":"time","values":{"avg":0.03648199632584661,"min":0.004523,"med":0.033333,"max":3.92797,"p(90)":0.05028,"p(95)":0.061379599999999986},"type":"trend"},"http_req_receiving":{"contains":"time","values":{"avg":0.20210894359636372,"min":0.010495,"med":0.089706,"max":160.906419,"p(90)":0.5172114000000002,"p(95)":0.8513809999999996},"type":"trend"},"http_req_duration{expected_response:true}":{"contains":"time","values":{"p(95)":196.79484779999999,"avg":115.87280937253456,"min":40.831914,"med":109.986158,"max":1266.252273,"p(90)":131.1789262},"type":"trend"},"vus":{"contains":"default","values":{"value":1,"min":0,"max":200},"type":"gauge"},"http_reqs":{"type":"counter","contains":"default","values":{"count":65049,"rate":124.24468927342937}},"http_req_waiting":{"type":"trend","contains":"time","values":{"max":1266.187915,"p(90)":130.94295580000008,"p(95)":196.59475239999998,"avg":115.63421843261284,"min":40.443428,"med":109.781255}},"http_req_failed":{"type":"rate","contains":"default","values":{"fails":65049,"rate":0,"passes":0}},"iterations":{"type":"counter","contains":"default","values":{"count":32447,"rate":61.97431832702983}},"http_req_tls_handshaking":{"type":"trend","contains":"time","values":{"avg":0,"min":0,"med":0,"max":0,"p(90)":0,"p(95)":0}},"data_received":{"type":"counter","contains":"data","values":{"count":21755139,"rate":41552.68313356493}},"http_req_blocked":{"contains":"time","values":{"max":361.132029,"p(90)":0.011349200000000004,"p(95)":0.014887199999999998,"avg":0.18679624244800036,"min":0.000988,"med":0.007817},"type":"trend"}},"testScenarios":{"constant_request_rate_230":{"startTime":"3.2m","executor":"constant-arrival-rate","rate":100,"timeUnit":"1s","duration":"2m","preAllocatedVUs":50,"maxVUs":150},"ramping_vus":{"executor":"ramping-vus","startvus":50,"stages":[{"target":150,"duration":"1m"},{"duration":"1m","target":100},{"duration":"1m","target":50},{"duration":"30s","target":0}],"gracefulRampDown":"1s","startTime":"5.2m"},"constant_request_rate_250":{"startTime":"0s","executor":"constant-arrival-rate","rate":150,"timeUnit":"1s","duration":"3m","preAllocatedVUs":50,"maxVUs":200}},"root_group":{"name":"","path":"","id":"d41d8cd98f00b204e9800998ecf8427e","groups":[{"checks":[],"name":"setup","path":"::setup","id":"5c0f8025f7e0b6654089e5b00e950f1a","groups":[]},{"path":"::teardown","id":"a8a9942382e8ffe2e56ef29e664b8229","groups":[],"checks":[],"name":"teardown"}],"checks":[]},"options":{"summaryTimeUnit":"","noColor":false,"summaryTrendStats":["avg","min","med","max","p(90)","p(95)"]},"state":{"isStdOutTTY":true,"isStdErrTTY":true,"testRunDurationMs":523555.577147}}