{"options":{"summaryTrendStats":["avg","min","med","max","p(90)","p(95)"],"summaryTimeUnit":"","noColor":false},"state":{"isStdOutTTY":true,"isStdErrTTY":true,"testRunDurationMs":762616.418996},"metrics":{"http_reqs":{"type":"counter","contains":"default","values":{"count":90727,"rate":118.96806538658575}},"http_req_duration{expected_response:true}":{"type":"trend","contains":"time","values":{"avg":117.11572686436291,"min":40.828568,"med":110.183732,"max":1203.9375,"p(90)":129.0333344,"p(95)":189.09179919999997}},"data_sent":{"type":"counter","contains":"data","values":{"count":8438402,"rate":11065.067299638431}},"data_received":{"type":"counter","contains":"data","values":{"count":30116080,"rate":39490.46893017125}},"http_req_sending":{"type":"trend","contains":"time","values":{"med":0.033077,"max":0.53667,"p(90)":0.044368,"p(95)":0.05225809999999999,"avg":0.03407054994654315,"min":0.002854}},"dropped_iterations":{"type":"counter","contains":"default","values":{"count":29176,"rate":38.257765336879054}},"http_req_waiting":{"values":{"max":1203.800837,"p(90)":128.7628582,"p(95)":188.91064609999995,"avg":116.83433445345987,"min":40.725815,"med":109.926593},"type":"trend","contains":"time"},"http_req_duration":{"type":"trend","contains":"time","values":{"med":110.183732,"max":1203.9375,"p(90)":129.0333344,"p(95)":189.09179919999997,"avg":117.11572686436291,"min":40.828568}},"http_req_connecting":{"type":"trend","contains":"time","values":{"med":0,"max":51.490692,"p(90)":0,"p(95)":0,"avg":0.1359791253320401,"min":0}},"http_req_failed":{"type":"rate","contains":"default","values":{"rate":0,"passes":0,"fails":90727}},"iteration_duration":{"type":"trend","contains":"time","values":{"p(95)":3607.712282,"avg":2235.7888386301784,"min":183.159032,"med":2232.571411,"max":5011.787211,"p(90)":3343.8544744}},"http_req_blocked":{"type":"trend","contains":"time","values":{"p(95)":0.012199699999999997,"avg":0.14463242374375887,"min":0.000797,"med":0.007838,"max":51.586444,"p(90)":0.01006}},"http_req_receiving":{"type":"trend","contains":"time","values":{"p(90)":0.6423650000000002,"p(95)":0.9374906999999998,"avg":0.2473218609565013,"min":0.007498,"med":0.091341,"max":320.327012}},"vus_max":{"type":"gauge","contains":"default","values":{"min":181,"max":400,"value":400}},"iterations":{"type":"counter","contains":"default","values":{"count":45293,"rate":59.39158779144718}},"http_req_tls_handshaking":{"type":"trend","contains":"time","values":{"p(95)":0,"avg":0,"min":0,"med":0,"max":0,"p(90)":0}},"vus":{"type":"gauge","contains":"default","values":{"value":1,"min":1,"max":200}}},"testScenarios":{"constant_request_rate_50_100":{"executor":"constant-arrival-rate","rate":100,"timeUnit":"1s","duration":"1m","preAllocatedVUs":50,"maxVUs":64,"startTime":"62s"},"constant_request_rate_50_150":{"maxVUs":150,"startTime":"124s","executor":"constant-arrival-rate","rate":100,"timeUnit":"1s","duration":"1m","preAllocatedVUs":50},"constant_request_rate_50_200":{"duration":"1m","preAllocatedVUs":50,"maxVUs":200,"startTime":"186s","executor":"constant-arrival-rate","rate":150,"timeUnit":"1s"},"constant_request_rate_250":{"executor":"constant-arrival-rate","rate":150,"timeUnit":"1s","duration":"3m","preAllocatedVUs":50,"maxVUs":200,"startTime":"247s"},"constant_request_rate_230":{"timeUnit":"1s","duration":"2m","preAllocatedVUs":50,"maxVUs":150,"startTime":"430s","executor":"constant-arrival-rate","rate":100},"ramping_vus":{"executor":"ramping-vus","startvus":50,"stages":[{"duration":"1m","target":150},{"duration":"1m","target":100},{"duration":"1m","target":50},{"duration":"30s","target":0}],"gracefulRampDown":"1s","startTime":"551s"},"constant_request_rate_10_100":{"duration":"1m","preAllocatedVUs":10,"maxVUs":64,"startTime":"0s","executor":"constant-arrival-rate","rate":100,"timeUnit":"1s"}},"root_group":{"name":"","path":"","id":"d41d8cd98f00b204e9800998ecf8427e","groups":[{"name":"setup","path":"::setup","id":"5c0f8025f7e0b6654089e5b00e950f1a","groups":[],"checks":[]},{"name":"teardown","path":"::teardown","id":"a8a9942382e8ffe2e56ef29e664b8229","groups":[],"checks":[]}],"checks":[]}}