{"state":{"isStdOutTTY":true,"isStdErrTTY":true,"testRunDurationMs":523627.70624},"metrics":{"http_req_sending":{"contains":"time","values":{"p(95)":0.05289199999999999,"avg":0.03204692942503247,"min":0.002794,"med":0.031871,"max":0.804862,"p(90)":0.0447318},"type":"trend"},"http_req_waiting":{"type":"trend","contains":"time","values":{"p(95)":1651.482321999998,"avg":323.42682917867467,"min":40.400853,"med":111.145115,"max":5457.6782,"p(90)":981.7575986000007}},"http_req_duration":{"type":"trend","contains":"time","values":{"max":5457.764053,"p(90)":982.3140284000004,"p(95)":1651.8329783999989,"avg":323.6955426533313,"min":40.674165,"med":111.436281}},"http_req_receiving":{"type":"trend","contains":"time","values":{"p(95)":0.9340751999999997,"avg":0.23666654522800554,"min":0.007081,"med":0.088858,"max":313.275077,"p(90)":0.661206}},"vus_max":{"type":"gauge","contains":"default","values":{"value":350,"min":178,"max":350}},"data_received":{"type":"counter","contains":"data","values":{"rate":35346.39359116889,"count":18508351}},"iteration_duration":{"type":"trend","contains":"time","values":{"avg":2651.661144130431,"min":143.189028,"med":2480.072221,"max":10438.258669,"p(90)":4218.779498800002,"p(95)":5076.151227699998}},"http_req_duration{expected_response:true}":{"type":"trend","contains":"time","values":{"avg":304.72377739199464,"min":40.674165,"med":107.112934,"max":5457.764053,"p(90)":888.8879575000001,"p(95)":1642.6258961999986}},"dropped_iterations":{"type":"counter","contains":"default","values":{"rate":38.5903949680201,"count":20207}},"http_req_blocked":{"type":"trend","contains":"time","values":{"avg":0.23900463355584928,"min":0.000845,"med":0.007378,"max":80.278558,"p(90)":0.009996,"p(95)":0.01241259999999999}},"http_req_tls_handshaking":{"type":"trend","contains":"time","values":{"med":0,"max":0,"p(90)":0,"p(95)":0,"avg":0,"min":0}},"http_req_failed":{"type":"rate","contains":"default","values":{"rate":0.046292085781326736,"passes":2545,"fails":52432}},"iterations":{"type":"counter","contains":"default","values":{"count":27425,"rate":52.374997871923156}},"data_sent":{"values":{"count":5113152,"rate":9764.861444624234},"type":"counter","contains":"data"},"http_req_connecting":{"type":"trend","contains":"time","values":{"avg":0.23088197562617097,"min":0,"med":0,"max":80.190896,"p(90)":0,"p(95)":0}},"vus":{"type":"gauge","contains":"default","values":{"min":0,"max":200,"value":1}},"http_reqs":{"type":"counter","contains":"default","values":{"count":54977,"rate":104.9925344760153}}},"testScenarios":{"ramping_vus":{"executor":"ramping-vus","startvus":50,"stages":[{"duration":"1m","target":150},{"duration":"1m","target":100},{"target":50,"duration":"1m"},{"duration":"30s","target":0}],"gracefulRampDown":"1s","startTime":"5.2m"},"constant_request_rate_250":{"maxVUs":200,"startTime":"0s","executor":"constant-arrival-rate","rate":150,"timeUnit":"1s","duration":"3m","preAllocatedVUs":50},"constant_request_rate_230":{"startTime":"3.2m","executor":"constant-arrival-rate","rate":100,"timeUnit":"1s","duration":"2m","preAllocatedVUs":50,"maxVUs":150}},"root_group":{"name":"","path":"","id":"d41d8cd98f00b204e9800998ecf8427e","groups":[{"path":"::setup","id":"5c0f8025f7e0b6654089e5b00e950f1a","groups":[],"checks":[],"name":"setup"},{"name":"teardown","path":"::teardown","id":"a8a9942382e8ffe2e56ef29e664b8229","groups":[],"checks":[]}],"checks":[]},"options":{"summaryTrendStats":["avg","min","med","max","p(90)","p(95)"],"summaryTimeUnit":"","noColor":false}}