{"state":{"testRunDurationMs":511833.337457,"isStdOutTTY":true,"isStdErrTTY":true},"metrics":{"vus":{"type":"gauge","contains":"default","values":{"value":1,"min":0,"max":280}},"http_req_waiting":{"type":"trend","contains":"time","values":{"med":105.17253450000001,"max":2055.2138,"p(90)":125.12239600000001,"p(95)":155.50287375,"avg":121.99799110195117,"min":40.23233}},"dropped_iterations":{"type":"counter","contains":"default","values":{"count":4923,"rate":9.618365275813222}},"http_req_sending":{"contains":"time","values":{"avg":0.04804088744126454,"min":0.008945,"med":0.042845499999999995,"max":0.387138,"p(90)":0.07047400000000001,"p(95)":0.087741},"type":"trend"},"data_received":{"type":"counter","contains":"data","values":{"count":4738930,"rate":9258.736493298711}},"iterations":{"type":"counter","contains":"default","values":{"count":6890,"rate":13.461413111995348}},"http_req_duration{expected_response:true}":{"type":"trend","contains":"time","values":{"min":40.405582,"med":105.399724,"max":2055.304737,"p(90)":125.34876,"p(95)":155.71223525,"avg":122.27508929567159}},"http_req_connecting":{"type":"trend","contains":"time","values":{"avg":0.6612959163462903,"min":0,"med":0,"max":96.889124,"p(90)":0,"p(95)":0}},"http_reqs":{"type":"counter","contains":"default","values":{"count":14046,"rate":27.44252664311853}},"http_req_blocked":{"values":{"avg":0.675271184394124,"min":0.002217,"med":0.01011,"max":97.048947,"p(90)":0.0164795,"p(95)":0.023323},"type":"trend","contains":"time"},"http_req_receiving":{"values":{"avg":0.22905730627936713,"min":0.017161,"med":0.11857400000000001,"max":410.172507,"p(90)":0.278405,"p(95)":0.662829},"type":"trend","contains":"time"},"iteration_duration":{"type":"trend","contains":"time","values":{"max":5758.641727,"p(90)":3359.4053221000004,"p(95)":3628.8130171,"avg":2231.2920429376113,"min":166.916067,"med":2216.0084005}},"http_req_failed":{"contains":"default","values":{"rate":0,"passes":0,"fails":14046},"type":"rate"},"data_sent":{"type":"counter","contains":"data","values":{"count":1321864,"rate":2582.6062963533554}},"http_req_duration":{"type":"trend","contains":"time","values":{"max":2055.304737,"p(90)":125.34876,"p(95)":155.71223525,"avg":122.27508929567159,"min":40.405582,"med":105.399724}},"http_req_tls_handshaking":{"type":"trend","contains":"time","values":{"p(90)":0,"p(95)":0,"avg":0,"min":0,"med":0,"max":0}},"vus_max":{"type":"gauge","contains":"default","values":{"value":280,"min":280,"max":280}}},"testScenarios":{"constant_request_rate":{"preAllocatedVUs":50,"maxVUs":150,"startTime":"33s","executor":"constant-arrival-rate","rate":230,"timeUnit":"1s","duration":"30s"},"ramping_vus":{"executor":"ramping-vus","startvus":25,"stages":[{"duration":"30s","target":280},{"duration":"20s","target":100},{"duration":"10s","target":50},{"duration":"5s","target":0}],"gracefulRampDown":"1s","startTime":"2m"},"ramping_arrival_rate":{"executor":"ramping-arrival-rate","startRate":100,"timeUnit":"1m","preAllocatedVUs":25,"stages":[{"target":100,"duration":"1m"},{"target":150,"duration":"1.5m"},{"duration":"1.5m","target":250},{"target":10,"duration":"1m"},{"target":0,"duration":"5s"}],"startTime":"3.5m"}},"root_group":{"checks":[],"name":"","path":"","id":"d41d8cd98f00b204e9800998ecf8427e","groups":[{"name":"setup","path":"::setup","id":"5c0f8025f7e0b6654089e5b00e950f1a","groups":[],"checks":[]},{"name":"teardown","path":"::teardown","id":"a8a9942382e8ffe2e56ef29e664b8229","groups":[],"checks":[]}]},"options":{"summaryTrendStats":["avg","min","med","max","p(90)","p(95)"],"summaryTimeUnit":"","noColor":false}}