{"options":{"noColor":false,"summaryTrendStats":["avg","min","med","max","p(90)","p(95)"],"summaryTimeUnit":""},"state":{"isStdOutTTY":true,"isStdErrTTY":true,"testRunDurationMs":105298.649354},"metrics":{"iteration_duration":{"type":"trend","contains":"time","values":{"med":2220.4957905,"max":4237.65702,"p(90)":3263.4679712,"p(95)":3550.8216555999993,"avg":2202.0353684519628,"min":270.992791}},"vus":{"type":"gauge","contains":"default","values":{"value":143,"min":0,"max":150}},"dropped_iterations":{"type":"counter","contains":"default","values":{"count":4829,"rate":45.86003742332484}},"http_req_duration":{"type":"trend","contains":"time","values":{"p(95)":132.4911545,"avg":106.42768935692246,"min":40.687889,"med":107.756467,"max":312.558916,"p(90)":124.736123}},"iterations":{"type":"counter","contains":"default","values":{"rate":31.415407702704197,"count":3308}},"data_received":{"type":"counter","contains":"data","values":{"rate":21779.937483242564,"count":2293398}},"http_req_tls_handshaking":{"type":"trend","contains":"time","values":{"avg":0,"min":0,"med":0,"max":0,"p(90)":0,"p(95)":0}},"http_req_failed":{"type":"rate","contains":"default","values":{"rate":0,"passes":0,"fails":6811}},"http_req_sending":{"type":"trend","contains":"time","values":{"max":0.345471,"p(90)":0.061024,"p(95)":0.0793165,"avg":0.04397703288797545,"min":0.008913,"med":0.038888}},"http_req_duration{expected_response:true}":{"contains":"time","values":{"p(90)":124.736123,"p(95)":132.4911545,"avg":106.42768935692246,"min":40.687889,"med":107.756467,"max":312.558916},"type":"trend"},"http_req_connecting":{"type":"trend","contains":"time","values":{"med":0,"max":174.716263,"p(90)":0,"p(95)":0,"avg":1.3497105938922334,"min":0}},"http_req_receiving":{"type":"trend","contains":"time","values":{"avg":0.18152472397592137,"min":0.017937,"med":0.109751,"max":7.55963,"p(90)":0.277461,"p(95)":0.6489199999999999}},"http_reqs":{"type":"counter","contains":"default","values":{"count":6811,"rate":64.68269101061617}},"http_req_blocked":{"type":"trend","contains":"time","values":{"p(90)":0.015184,"p(95)":0.0353725,"avg":1.3655245237116445,"min":0.002649,"med":0.009691,"max":174.848323}},"data_sent":{"type":"counter","contains":"data","values":{"count":642827,"rate":6104.798152148195}},"http_req_waiting":{"type":"trend","contains":"time","values":{"p(95)":132.291722,"avg":106.20218760005869,"min":40.508857,"med":107.510297,"max":312.165191,"p(90)":124.546969}},"vus_max":{"type":"gauge","contains":"default","values":{"min":159,"max":259,"value":259}}},"testScenarios":{"constant_request_rate":{"maxVUs":150,"startTime":"33s","executor":"constant-arrival-rate","rate":230,"timeUnit":"1s","duration":"30s","preAllocatedVUs":50},"ramping_vus":{"executor":"ramping-vus","startvus":15,"stages":[{"duration":"30s","target":150},{"duration":"10s","target":100},{"duration":"10s","target":50},{"duration":"5s","target":0}],"gracefulRampDown":"1s","startTime":"1.2m"},"ramping_arrival_rate":{"startRate":100,"timeUnit":"1m","preAllocatedVUs":25,"stages":[{"target":50,"duration":"1m"},{"target":100,"duration":"1.5m"},{"target":150,"duration":"1.5m"},{"target":10,"duration":"1m"},{"target":0,"duration":"5s"}],"startTime":"2m","executor":"ramping-arrival-rate"}},"root_group":{"path":"","id":"d41d8cd98f00b204e9800998ecf8427e","groups":[{"name":"setup","path":"::setup","id":"5c0f8025f7e0b6654089e5b00e950f1a","groups":[],"checks":[]},{"path":"::teardown","id":"a8a9942382e8ffe2e56ef29e664b8229","groups":[],"checks":[],"name":"teardown"}],"checks":[],"name":""}}