{"options":{"summaryTrendStats":["avg","min","med","max","p(90)","p(95)"],"summaryTimeUnit":"","noColor":false},"state":{"testRunDurationMs":523801.085924,"isStdOutTTY":true,"isStdErrTTY":true},"metrics":{"http_req_tls_handshaking":{"type":"trend","contains":"time","values":{"p(95)":0,"avg":0,"min":0,"med":0,"max":0,"p(90)":0}},"http_req_receiving":{"type":"trend","contains":"time","values":{"max":127.70191,"p(90)":0.21007620000000013,"p(95)":0.409223,"avg":0.15631774096154646,"min":0.013516,"med":0.096688}},"http_req_sending":{"contains":"time","values":{"p(90)":0.05289540000000001,"p(95)":0.061846599999999995,"avg":0.03941650301154042,"min":0.008434,"med":0.036563,"max":5.673971},"type":"trend"},"iterations":{"type":"counter","contains":"default","values":{"rate":62.138091872383974,"count":32548}},"iteration_duration":{"type":"trend","contains":"time","values":{"max":4922.477429,"p(90)":3341.0523253,"p(95)":3604.5627637999996,"avg":2228.337502452624,"min":195.383079,"med":2228.0485025}},"http_req_connecting":{"type":"trend","contains":"time","values":{"med":0,"max":136.029115,"p(90)":0,"p(95)":0,"avg":0.17066998081196663,"min":0}},"data_received":{"type":"counter","contains":"data","values":{"count":21887265,"rate":41785.45174527511}},"http_req_duration":{"type":"trend","contains":"time","values":{"avg":112.28788560292126,"min":40.774533,"med":105.868079,"max":1360.611922,"p(90)":120.1280134,"p(95)":129.39242979999997}},"http_req_waiting":{"type":"trend","contains":"time","values":{"avg":112.09215135894837,"min":40.626831,"med":105.692226,"max":1360.516259,"p(90)":119.92218360000003,"p(95)":129.22254319999996}},"http_reqs":{"contains":"default","values":{"count":65249,"rate":124.56827935913671},"type":"counter"},"http_req_duration{expected_response:true}":{"type":"trend","contains":"time","values":{"avg":112.28788560292126,"min":40.774533,"med":105.868079,"max":1360.611922,"p(90)":120.1280134,"p(95)":129.39242979999997}},"vus_max":{"values":{"value":350,"min":180,"max":350},"type":"gauge","contains":"default"},"dropped_iterations":{"type":"counter","contains":"default","values":{"count":14824,"rate":28.30081952550756}},"data_sent":{"type":"counter","contains":"data","values":{"count":6133960,"rate":11710.475913159898}},"http_req_blocked":{"type":"trend","contains":"time","values":{"p(90)":0.011948,"p(95)":0.014850599999999999,"avg":0.18063665271498208,"min":0.001939,"med":0.008544,"max":136.19479}},"http_req_failed":{"type":"rate","contains":"default","values":{"rate":0,"passes":0,"fails":65249}},"vus":{"type":"gauge","contains":"default","values":{"value":1,"min":0,"max":200}}},"testScenarios":{"constant_request_rate_250":{"preAllocatedVUs":50,"maxVUs":200,"startTime":"0s","executor":"constant-arrival-rate","rate":150,"timeUnit":"1s","duration":"3m"},"constant_request_rate_230":{"executor":"constant-arrival-rate","rate":100,"timeUnit":"1s","duration":"2m","preAllocatedVUs":50,"maxVUs":150,"startTime":"3.2m"},"ramping_vus":{"executor":"ramping-vus","startvus":50,"stages":[{"duration":"1m","target":150},{"duration":"1m","target":100},{"duration":"1m","target":50},{"duration":"30s","target":0}],"gracefulRampDown":"1s","startTime":"5.2m"}},"root_group":{"groups":[{"id":"5c0f8025f7e0b6654089e5b00e950f1a","groups":[],"checks":[],"name":"setup","path":"::setup"},{"name":"teardown","path":"::teardown","id":"a8a9942382e8ffe2e56ef29e664b8229","groups":[],"checks":[]}],"checks":[],"name":"","path":"","id":"d41d8cd98f00b204e9800998ecf8427e"}}