{"state":{"isStdErrTTY":true,"testRunDurationMs":523579.061266,"isStdOutTTY":true},"metrics":{"http_req_waiting":{"type":"trend","contains":"time","values":{"min":40.246773,"med":102.022193,"max":1744.985717,"p(90)":125.62859660000002,"p(95)":153.63144749999998,"avg":115.61032519248353}},"http_req_duration":{"contains":"time","values":{"p(95)":153.9306270999999,"avg":115.90663167345285,"min":40.37936,"med":102.332474,"max":1745.092544,"p(90)":125.89223140000003},"type":"trend"},"data_received":{"type":"counter","contains":"data","values":{"count":21699656,"rate":41444.85065451398}},"http_req_failed":{"type":"rate","contains":"default","values":{"rate":0.00009205418923272833,"passes":6,"fails":65173}},"data_sent":{"type":"counter","contains":"data","values":{"count":6062224,"rate":11578.430935228207}},"http_req_tls_handshaking":{"contains":"time","values":{"p(90)":0,"p(95)":0,"avg":0,"min":0,"med":0,"max":0},"type":"trend"},"iterations":{"type":"counter","contains":"default","values":{"count":32507,"rate":62.086134463435094}},"http_req_blocked":{"type":"trend","contains":"time","values":{"med":0.007544,"max":128.915717,"p(90)":0.010197,"p(95)":0.012649099999999998,"avg":0.18868241614630474,"min":0.000928}},"http_req_receiving":{"type":"trend","contains":"time","values":{"avg":0.2628604091348501,"min":0.007287,"med":0.093553,"max":474.488273,"p(90)":0.6978538000000002,"p(95)":0.9575245}},"http_reqs":{"type":"counter","contains":"default","values":{"count":65179,"rate":124.48740757966702}},"http_req_sending":{"type":"trend","contains":"time","values":{"avg":0.03344607183295211,"min":0.003272,"med":0.032436,"max":0.464699,"p(90)":0.04534320000000001,"p(95)":0.05331289999999998}},"http_req_duration{expected_response:true}":{"contains":"time","values":{"p(90)":125.88783120000001,"p(95)":153.8959725999999,"avg":115.90574112262722,"min":40.37936,"med":102.330743,"max":1745.092544},"type":"trend"},"vus":{"type":"gauge","contains":"default","values":{"value":1,"min":0,"max":200}},"iteration_duration":{"type":"trend","contains":"time","values":{"p(90)":3350.3496572000004,"p(95)":3607.7390075999997,"avg":2231.9352290809843,"min":171.976819,"med":2230.045675,"max":5380.73729}},"vus_max":{"type":"gauge","contains":"default","values":{"value":350,"min":180,"max":350}},"dropped_iterations":{"type":"counter","contains":"default","values":{"count":14973,"rate":28.59740029289118}},"http_req_connecting":{"type":"trend","contains":"time","values":{"avg":0.18027115874744928,"min":0,"med":0,"max":128.859943,"p(90)":0,"p(95)":0}}},"testScenarios":{"constant_request_rate_250":{"timeUnit":"1s","duration":"3m","preAllocatedVUs":50,"maxVUs":200,"startTime":"0s","executor":"constant-arrival-rate","rate":150},"constant_request_rate_230":{"maxVUs":150,"startTime":"3.2m","executor":"constant-arrival-rate","rate":100,"timeUnit":"1s","duration":"2m","preAllocatedVUs":50},"ramping_vus":{"stages":[{"target":150,"duration":"1m"},{"target":100,"duration":"1m"},{"duration":"1m","target":50},{"duration":"30s","target":0}],"gracefulRampDown":"1s","startTime":"5.2m","executor":"ramping-vus","startvus":50}},"root_group":{"name":"","path":"","id":"d41d8cd98f00b204e9800998ecf8427e","groups":[{"name":"setup","path":"::setup","id":"5c0f8025f7e0b6654089e5b00e950f1a","groups":[],"checks":[]},{"name":"teardown","path":"::teardown","id":"a8a9942382e8ffe2e56ef29e664b8229","groups":[],"checks":[]}],"checks":[]},"options":{"summaryTrendStats":["avg","min","med","max","p(90)","p(95)"],"summaryTimeUnit":"","noColor":false}}