{"options":{"summaryTrendStats":["avg","min","med","max","p(90)","p(95)"],"summaryTimeUnit":"","noColor":false},"state":{"isStdOutTTY":true,"isStdErrTTY":true,"testRunDurationMs":525340.695739},"metrics":{"data_received":{"type":"counter","contains":"data","values":{"count":17656222,"rate":33609.08862231372}},"http_req_waiting":{"type":"trend","contains":"time","values":{"max":965.624492,"p(90)":397.3698168,"p(95)":416.1569824999999,"avg":376.2654891391576,"min":318.009792,"med":367.732873}},"vus_max":{"values":{"min":150,"max":350,"value":350},"type":"gauge","contains":"default"},"http_req_receiving":{"contains":"time","values":{"avg":0.20078807943281,"min":0.016893,"med":0.10774,"max":30.464978,"p(90)":0.18015840000000002,"p(95)":0.2294835999999998},"type":"trend"},"iteration_duration":{"type":"trend","contains":"time","values":{"max":5503.741075,"p(90)":3866.8415967,"p(95)":4136.45087955,"avg":2752.8404619084913,"min":719.036008,"med":2753.5471225}},"vus":{"contains":"default","values":{"value":0,"min":0,"max":200},"type":"gauge"},"http_reqs":{"type":"counter","contains":"default","values":{"count":52963,"rate":100.81648048510047}},"http_req_duration":{"type":"trend","contains":"time","values":{"max":965.683691,"p(90)":397.595611,"p(95)":416.44427079999997,"avg":376.51093819893464,"min":318.134432,"med":367.979045}},"http_req_connecting":{"contains":"time","values":{"p(95)":0,"avg":2.278386273171837,"min":0,"med":0,"max":775.108726,"p(90)":0},"type":"trend"},"dropped_iterations":{"type":"counter","contains":"default","values":{"count":19425,"rate":36.97600463385905}},"http_req_duration{expected_response:true}":{"type":"trend","contains":"time","values":{"p(90)":397.595611,"p(95)":416.44427079999997,"avg":376.51093819893464,"min":318.134432,"med":367.979045,"max":965.683691}},"http_req_failed":{"type":"rate","contains":"default","values":{"passes":0,"fails":52963,"rate":0}},"data_sent":{"type":"counter","contains":"data","values":{"count":4926850,"rate":9378.390137983446}},"http_req_blocked":{"type":"trend","contains":"time","values":{"avg":2.2897515702282565,"min":0.001904,"med":0.009428,"max":775.248756,"p(90)":0.013646,"p(95)":0.016956599999999978}},"http_req_tls_handshaking":{"type":"trend","contains":"time","values":{"avg":0,"min":0,"med":0,"max":0,"p(90)":0,"p(95)":0}},"http_req_sending":{"values":{"min":0.006357,"med":0.041185,"max":0.885734,"p(90)":0.06127660000000002,"p(95)":0.06972369999999997,"avg":0.04466098034476898},"type":"trend","contains":"time"},"iterations":{"values":{"count":26406,"rate":50.26452398258337},"type":"counter","contains":"default"}},"testScenarios":{"constant_request_rate_250":{"rate":150,"timeUnit":"1s","duration":"3m","preAllocatedVUs":50,"maxVUs":200,"startTime":"0s","executor":"constant-arrival-rate"},"constant_request_rate_230":{"maxVUs":150,"startTime":"3.2m","executor":"constant-arrival-rate","rate":100,"timeUnit":"1s","duration":"2m","preAllocatedVUs":50},"ramping_vus":{"startTime":"5.2m","executor":"ramping-vus","startvus":50,"stages":[{"duration":"1m","target":150},{"duration":"1m","target":100},{"duration":"1m","target":50},{"target":0,"duration":"30s"}],"gracefulRampDown":"1s"}},"root_group":{"id":"d41d8cd98f00b204e9800998ecf8427e","groups":[{"id":"5c0f8025f7e0b6654089e5b00e950f1a","groups":[],"checks":[],"name":"setup","path":"::setup"},{"name":"teardown","path":"::teardown","id":"a8a9942382e8ffe2e56ef29e664b8229","groups":[],"checks":[]}],"checks":[],"name":"","path":""}}