{"metrics":{"iteration_duration":{"type":"trend","contains":"time","values":{"med":2251.379369,"max":6208.642062,"p(90)":3361.803773,"p(95)":3638.4514102,"avg":2253.4167707986862,"min":206.665394}},"http_req_receiving":{"type":"trend","contains":"time","values":{"avg":0.36240385343152437,"min":0.004588,"med":0.089229,"max":1077.182256,"p(90)":0.6579988000000001,"p(95)":0.9266192}},"vus_max":{"contains":"default","values":{"value":400,"min":181,"max":400},"type":"gauge"},"iterations":{"type":"counter","contains":"default","values":{"count":44935,"rate":58.92347788143425}},"vus":{"type":"gauge","contains":"default","values":{"value":1,"min":1,"max":200}},"data_sent":{"type":"counter","contains":"data","values":{"count":8373302,"rate":10979.950488295743}},"http_req_waiting":{"type":"trend","contains":"time","values":{"avg":126.04149794511012,"min":40.205542,"med":111.115886,"max":2303.856746,"p(90)":180.58801360000012,"p(95)":233.24298839999994}},"http_req_failed":{"values":{"rate":0.00003332111559094999,"passes":3,"fails":90030},"type":"rate","contains":"default"},"http_req_duration":{"type":"trend","contains":"time","values":{"avg":126.43687984525816,"min":40.464394,"med":111.363646,"max":2303.977327,"p(90)":180.8390124000001,"p(95)":233.48258299999983}},"http_req_connecting":{"type":"trend","contains":"time","values":{"med":0,"max":146.623986,"p(90)":0,"p(95)":0,"avg":0.14077344974620415,"min":0}},"dropped_iterations":{"type":"counter","contains":"default","values":{"count":29301,"rate":38.42253978867041}},"data_received":{"type":"counter","contains":"data","values":{"count":29976026,"rate":39307.70457292307}},"http_req_duration{expected_response:true}":{"type":"trend","contains":"time","values":{"p(90)":180.84773030000005,"p(95)":233.48695475000008,"avg":126.43718682775885,"min":40.464394,"med":111.36345750000001,"max":2303.977327}},"http_req_sending":{"type":"trend","contains":"time","values":{"avg":0.03297804671620435,"min":0.002853,"med":0.032302,"max":0.689929,"p(90)":0.0432448,"p(95)":0.050747199999999985}},"http_reqs":{"type":"counter","contains":"default","values":{"count":90033,"rate":118.06069843327407}},"http_req_blocked":{"type":"trend","contains":"time","values":{"avg":0.14921744137149645,"min":0.000703,"med":0.00768,"max":146.688088,"p(90)":0.009900800000000003,"p(95)":0.01199}},"http_req_tls_handshaking":{"type":"trend","contains":"time","values":{"min":0,"med":0,"max":0,"p(90)":0,"p(95)":0,"avg":0}}},"testScenarios":{"constant_request_rate_230":{"startTime":"430s","executor":"constant-arrival-rate","rate":100,"timeUnit":"1s","duration":"2m","preAllocatedVUs":50,"maxVUs":150},"ramping_vus":{"executor":"ramping-vus","startvus":50,"stages":[{"duration":"1m","target":150},{"target":100,"duration":"1m"},{"duration":"1m","target":50},{"target":0,"duration":"30s"}],"gracefulRampDown":"1s","startTime":"551s"},"constant_request_rate_10_100":{"executor":"constant-arrival-rate","rate":100,"timeUnit":"1s","duration":"1m","preAllocatedVUs":10,"maxVUs":64,"startTime":"0s"},"constant_request_rate_50_100":{"rate":100,"timeUnit":"1s","duration":"1m","preAllocatedVUs":50,"maxVUs":64,"startTime":"62s","executor":"constant-arrival-rate"},"constant_request_rate_50_150":{"duration":"1m","preAllocatedVUs":50,"maxVUs":150,"startTime":"124s","executor":"constant-arrival-rate","rate":100,"timeUnit":"1s"},"constant_request_rate_50_200":{"preAllocatedVUs":50,"maxVUs":200,"startTime":"186s","executor":"constant-arrival-rate","rate":150,"timeUnit":"1s","duration":"1m"},"constant_request_rate_250":{"executor":"constant-arrival-rate","rate":150,"timeUnit":"1s","duration":"3m","preAllocatedVUs":50,"maxVUs":200,"startTime":"247s"}},"root_group":{"name":"","path":"","id":"d41d8cd98f00b204e9800998ecf8427e","groups":[{"name":"setup","path":"::setup","id":"5c0f8025f7e0b6654089e5b00e950f1a","groups":[],"checks":[]},{"name":"teardown","path":"::teardown","id":"a8a9942382e8ffe2e56ef29e664b8229","groups":[],"checks":[]}],"checks":[]},"options":{"summaryTimeUnit":"","noColor":false,"summaryTrendStats":["avg","min","med","max","p(90)","p(95)"]},"state":{"testRunDurationMs":762599.249325,"isStdOutTTY":true,"isStdErrTTY":true}}