{"metrics":{"data_received":{"type":"counter","contains":"data","values":{"count":21920552,"rate":41912.88572203926}},"vus_max":{"type":"gauge","contains":"default","values":{"value":350,"min":194,"max":350}},"http_req_tls_handshaking":{"type":"trend","contains":"time","values":{"med":0,"max":0,"p(90)":0,"p(95)":0,"avg":0,"min":0}},"http_req_blocked":{"type":"trend","contains":"time","values":{"avg":0.18588580224687865,"min":0.0019,"med":0.00829,"max":337.837669,"p(90)":0.011914,"p(95)":0.015380199999999997}},"http_req_duration{expected_response:true}":{"contains":"time","values":{"avg":119.59210758457303,"min":0.093194,"med":107.027679,"max":1634.883689,"p(90)":156.2373866,"p(95)":207.1332084},"type":"trend"},"data_sent":{"values":{"count":6125093,"rate":11711.398642965862},"type":"counter","contains":"data"},"http_reqs":{"type":"counter","contains":"default","values":{"count":65157,"rate":124.58253309455492}},"iterations":{"values":{"rate":62.15646800555261,"count":32508},"type":"counter","contains":"default"},"vus":{"type":"gauge","contains":"default","values":{"value":1,"min":0,"max":200}},"http_req_failed":{"type":"rate","contains":"default","values":{"rate":0,"passes":0,"fails":65157}},"http_req_receiving":{"type":"trend","contains":"time","values":{"p(90)":0.21367200000000003,"p(95)":0.4383047999999998,"avg":0.15499451739644335,"min":0.014882,"med":0.093426,"max":81.345033}},"http_req_waiting":{"contains":"time","values":{"max":1633.963514,"p(90)":156.04376820000002,"p(95)":206.9781643999999,"avg":119.3984288271859,"min":0,"med":106.863209},"type":"trend"},"http_req_sending":{"contains":"time","values":{"p(90)":0.052995600000000004,"p(95)":0.06254639999999999,"avg":0.03868423998956396,"min":0.007367,"med":0.035524,"max":1.082754},"type":"trend"},"http_req_connecting":{"type":"trend","contains":"time","values":{"max":337.750052,"p(90)":0,"p(95)":0,"avg":0.17606688434089965,"min":0,"med":0}},"iteration_duration":{"type":"trend","contains":"time","values":{"avg":2242.4132234622925,"min":177.853025,"med":2240.6042835,"max":4968.146438,"p(90)":3361.670540700001,"p(95)":3624.3697202999997}},"dropped_iterations":{"contains":"default","values":{"count":41853,"rate":80.0244449192935},"type":"counter"},"http_req_duration":{"type":"trend","contains":"time","values":{"p(95)":207.1332084,"avg":119.59210758457303,"min":0.093194,"med":107.027679,"max":1634.883689,"p(90)":156.2373866}}},"testScenarios":{"constant_request_rate_250":{"maxVUs":200,"startTime":"0s","executor":"constant-arrival-rate","rate":200,"timeUnit":"1s","duration":"3m","preAllocatedVUs":50},"constant_request_rate_230":{"maxVUs":150,"startTime":"3.2m","executor":"constant-arrival-rate","rate":250,"timeUnit":"1s","duration":"2m","preAllocatedVUs":50},"ramping_vus":{"executor":"ramping-vus","startvus":50,"stages":[{"duration":"1m","target":150},{"duration":"1m","target":100},{"duration":"1m","target":50},{"duration":"30s","target":0}],"gracefulRampDown":"1s","startTime":"5.2m"}},"root_group":{"name":"","path":"","id":"d41d8cd98f00b204e9800998ecf8427e","groups":[{"name":"setup","path":"::setup","id":"5c0f8025f7e0b6654089e5b00e950f1a","groups":[],"checks":[]},{"path":"::teardown","id":"a8a9942382e8ffe2e56ef29e664b8229","groups":[],"checks":[],"name":"teardown"}],"checks":[]},"options":{"summaryTrendStats":["avg","min","med","max","p(90)","p(95)"],"summaryTimeUnit":"","noColor":false},"state":{"testRunDurationMs":523002.690518,"isStdOutTTY":true,"isStdErrTTY":true}}