{"metrics":{"http_req_duration{expected_response:true}":{"type":"trend","contains":"time","values":{"max":5376.537416,"p(90)":288.4839562000015,"p(95)":1340.4533440000002,"avg":260.81879716646023,"min":48.144172,"med":114.307788}},"http_req_connecting":{"contains":"time","values":{"p(90)":0,"p(95)":0,"avg":0.47045021411849464,"min":0,"med":0,"max":64.135038},"type":"trend"},"data_sent":{"type":"counter","contains":"data","values":{"count":2081306,"rate":18996.666147266198}},"vus":{"type":"gauge","contains":"default","values":{"min":119,"max":286,"value":263}},"iteration_duration":{"values":{"med":2356.513261,"max":9280.675002,"p(90)":3910.8603361999994,"p(95)":5172.533936799999,"avg":2536.8946709180846,"min":218.569619},"type":"trend","contains":"time"},"http_req_waiting":{"type":"trend","contains":"time","values":{"min":48.008741,"med":114.311233,"max":5376.413838,"p(90)":391.1729535000004,"p(95)":1417.77433095,"avg":268.6004022853421}},"vus_max":{"values":{"value":418,"min":261,"max":418},"type":"gauge","contains":"default"},"http_req_blocked":{"type":"trend","contains":"time","values":{"min":0.000886,"med":0.007487,"max":64.250792,"p(90)":0.009854900000000002,"p(95)":0.014614350000000002,"avg":0.479770971817037}},"http_reqs":{"type":"counter","contains":"default","values":{"count":22212,"rate":202.7351809215352}},"http_req_duration":{"type":"trend","contains":"time","values":{"med":114.53275400000001,"max":5376.537416,"p(90)":392.26705700000065,"p(95)":1417.9055703000001,"avg":268.9063199503855,"min":48.144172}},"http_req_failed":{"type":"rate","contains":"default","values":{"passes":195,"fails":22017,"rate":0.008779038357644516}},"dropped_iterations":{"type":"counter","contains":"default","values":{"count":15625,"rate":142.61377642260885}},"iterations":{"type":"counter","contains":"default","values":{"count":10985,"rate":100.26318937615092}},"http_req_tls_handshaking":{"type":"trend","contains":"time","values":{"p(90)":0,"p(95)":0,"avg":0,"min":0,"med":0,"max":0}},"http_req_sending":{"type":"trend","contains":"time","values":{"p(95)":0.05449080000000002,"avg":0.03310817229425561,"min":0.003161,"med":0.0320405,"max":0.294418,"p(90)":0.04404690000000001}},"http_req_receiving":{"type":"trend","contains":"time","values":{"p(90)":0.6361556000000005,"p(95)":0.9539272,"avg":0.27280949275166627,"min":0.007196,"med":0.086172,"max":991.56509}},"data_received":{"type":"counter","contains":"data","values":{"count":7350990,"rate":67094.55643806934}}},"testScenarios":{"constant_request_rate_50_100":{"executor":"constant-arrival-rate","rate":100,"timeUnit":"1s","duration":"1m","preAllocatedVUs":50,"maxVUs":64,"startTime":"62s"},"constant_request_rate_50_150":{"timeUnit":"1s","duration":"1m","preAllocatedVUs":50,"maxVUs":150,"startTime":"124s","executor":"constant-arrival-rate","rate":100},"constant_request_rate_50_200":{"rate":150,"timeUnit":"1s","duration":"1m","preAllocatedVUs":50,"maxVUs":200,"startTime":"124s","executor":"constant-arrival-rate"},"constant_request_rate_250":{"startTime":"0s","executor":"constant-arrival-rate","rate":150,"timeUnit":"1s","duration":"3m","preAllocatedVUs":50,"maxVUs":200},"constant_request_rate_230":{"rate":100,"timeUnit":"1s","duration":"2m","preAllocatedVUs":50,"maxVUs":150,"startTime":"3.2m","executor":"constant-arrival-rate"},"ramping_vus":{"startTime":"5.2m","executor":"ramping-vus","startvus":50,"stages":[{"target":150,"duration":"1m"},{"duration":"1m","target":100},{"duration":"1m","target":50},{"duration":"30s","target":0}],"gracefulRampDown":"1s"},"constant_request_rate_10_100":{"timeUnit":"1s","duration":"1m","preAllocatedVUs":10,"maxVUs":64,"startTime":"0s","executor":"constant-arrival-rate","rate":100}},"root_group":{"id":"d41d8cd98f00b204e9800998ecf8427e","groups":[{"name":"setup","path":"::setup","id":"5c0f8025f7e0b6654089e5b00e950f1a","groups":[],"checks":[]},{"checks":[],"name":"teardown","path":"::teardown","id":"a8a9942382e8ffe2e56ef29e664b8229","groups":[]}],"checks":[],"name":"","path":""},"options":{"noColor":false,"summaryTrendStats":["avg","min","med","max","p(90)","p(95)"],"summaryTimeUnit":""},"state":{"isStdOutTTY":true,"isStdErrTTY":true,"testRunDurationMs":109561.645389}}