{"options":{"summaryTrendStats":["avg","min","med","max","p(90)","p(95)"],"summaryTimeUnit":"","noColor":false},"state":{"isStdOutTTY":true,"isStdErrTTY":true,"testRunDurationMs":134125.200816},"metrics":{"data_sent":{"type":"counter","contains":"data","values":{"count":1340308,"rate":9992.96173907471}},"iterations":{"type":"counter","contains":"default","values":{"count":7055,"rate":52.60010763882039}},"http_req_connecting":{"type":"trend","contains":"time","values":{"avg":1.174473816893504,"min":0,"med":0,"max":171.659083,"p(90)":0,"p(95)":0}},"dropped_iterations":{"type":"counter","contains":"default","values":{"count":9483,"rate":70.7025968446398}},"http_req_duration":{"type":"trend","contains":"time","values":{"avg":81.11622084621841,"min":40.439958,"med":68.971818,"max":5846.333882,"p(90)":112.36431670000002,"p(95)":120.28239099999998}},"vus":{"type":"gauge","contains":"default","values":{"value":0,"min":0,"max":200}},"http_req_tls_handshaking":{"type":"trend","contains":"time","values":{"p(95)":0,"avg":0,"min":0,"med":0,"max":0,"p(90)":0}},"http_req_receiving":{"contains":"time","values":{"min":0.02015,"med":0.133009,"max":97.893392,"p(90)":0.47913770000000033,"p(95)":0.8910978999999997,"avg":0.2607422372667316},"type":"trend"},"http_req_waiting":{"type":"trend","contains":"time","values":{"med":68.671682,"max":5844.095354,"p(90)":112.1039911,"p(95)":119.83683995,"avg":80.8052933368178,"min":40.312196}},"data_received":{"contains":"data","values":{"count":4897857,"rate":36517.052501708},"type":"counter"},"http_reqs":{"contains":"default","values":{"count":14254,"rate":106.27383901966631},"type":"counter"},"http_req_duration{expected_response:true}":{"type":"trend","contains":"time","values":{"max":1231.02612,"p(90)":112.353803,"p(95)":120.26286459999999,"avg":80.71172932435256,"min":40.439958,"med":68.971009}},"http_req_sending":{"type":"trend","contains":"time","values":{"p(90)":0.0718469,"p(95)":0.08938269999999997,"avg":0.050185272134137725,"min":0.011106,"med":0.044481,"max":0.666784}},"iteration_duration":{"type":"trend","contains":"time","values":{"avg":2166.977744961889,"min":134.336212,"med":2167.663631,"max":5888.576196,"p(90)":3289.8755676,"p(95)":3522.6359787999995}},"vus_max":{"type":"gauge","contains":"default","values":{"max":350,"value":350,"min":220}},"http_req_blocked":{"type":"trend","contains":"time","values":{"max":171.852672,"p(90)":0.0164777,"p(95)":0.028978749999999994,"avg":1.1894125246948164,"min":0.00273,"med":0.010367999999999999}},"http_req_failed":{"type":"rate","contains":"default","values":{"fails":14253,"rate":0.00007015574575557738,"passes":1}}},"testScenarios":{"constant_request_rate_250":{"executor":"constant-arrival-rate","rate":250,"timeUnit":"1s","duration":"30s","preAllocatedVUs":50,"maxVUs":200,"startTime":"0s"},"constant_request_rate_230":{"executor":"constant-arrival-rate","rate":230,"timeUnit":"1s","duration":"30s","preAllocatedVUs":50,"maxVUs":150,"startTime":"33s"},"ramping_vus":{"executor":"ramping-vus","startvus":15,"stages":[{"duration":"30s","target":150},{"duration":"10s","target":100},{"duration":"10s","target":50},{"duration":"5s","target":0}],"gracefulRampDown":"1s","startTime":"1.2m"}},"root_group":{"checks":[],"name":"","path":"","id":"d41d8cd98f00b204e9800998ecf8427e","groups":[{"id":"5c0f8025f7e0b6654089e5b00e950f1a","groups":[],"checks":[],"name":"setup","path":"::setup"},{"name":"teardown","path":"::teardown","id":"a8a9942382e8ffe2e56ef29e664b8229","groups":[],"checks":[]}]}}