{"metrics":{"http_reqs":{"contains":"default","values":{"rate":123.71758360779904,"count":64772},"type":"counter"},"http_req_blocked":{"type":"trend","contains":"time","values":{"p(90)":0.008735900000000001,"p(95)":0.010189449999999997,"avg":0.17007715922003258,"min":0.000773,"med":0.003983,"max":56.484099}},"http_req_waiting":{"type":"trend","contains":"time","values":{"avg":124.64771507274745,"min":39.902527,"med":110.93801099999999,"max":638.098363,"p(90)":211.57558400000002,"p(95)":232.06195295}},"http_req_sending":{"type":"trend","contains":"time","values":{"min":0.002957,"med":0.016872,"max":1.92545,"p(90)":0.037084,"p(95)":0.042758449999999996,"avg":0.02110249473537944}},"http_req_failed":{"type":"rate","contains":"default","values":{"rate":0,"passes":0,"fails":64772}},"http_req_duration{expected_response:true}":{"values":{"p(95)":232.19248125,"avg":124.83664219043833,"min":40.022464,"med":111.1135105,"max":639.375584,"p(90)":211.76109430000002},"type":"trend","contains":"time"},"dropped_iterations":{"values":{"count":15226,"rate":29.082380164459153},"type":"counter","contains":"default"},"iterations":{"type":"counter","contains":"default","values":{"count":32309,"rate":61.71171816192768}},"http_req_connecting":{"type":"trend","contains":"time","values":{"p(95)":0,"avg":0.16469744760081526,"min":0,"med":0,"max":56.427674,"p(90)":0}},"http_req_tls_handshaking":{"contains":"time","values":{"avg":0,"min":0,"med":0,"max":0,"p(90)":0,"p(95)":0},"type":"trend"},"iteration_duration":{"contains":"time","values":{"max":4515.244206,"p(90)":3358.05038,"p(95)":3614.9523105,"avg":2245.644268940826,"min":176.07703,"med":2240.539721},"type":"trend"},"http_req_duration":{"type":"trend","contains":"time","values":{"avg":124.83664219043833,"min":40.022464,"med":111.1135105,"max":639.375584,"p(90)":211.76109430000002,"p(95)":232.19248125}},"data_received":{"type":"counter","contains":"data","values":{"count":21855249,"rate":41744.5593069037}},"http_req_receiving":{"type":"trend","contains":"time","values":{"avg":0.16782462295436384,"min":0.006421,"med":0.04817,"max":381.285237,"p(90)":0.5502135000000001,"p(95)":0.7616909999999998}},"vus_max":{"type":"gauge","contains":"default","values":{"value":350,"min":180,"max":350}},"vus":{"type":"gauge","contains":"default","values":{"value":1,"min":0,"max":200}},"data_sent":{"type":"counter","contains":"data","values":{"count":6024666,"rate":11507.397016674864}}},"testScenarios":{"constant_request_rate_250":{"executor":"constant-arrival-rate","rate":150,"timeUnit":"1s","duration":"3m","preAllocatedVUs":50,"maxVUs":200,"startTime":"0s"},"constant_request_rate_230":{"maxVUs":150,"startTime":"3.2m","executor":"constant-arrival-rate","rate":100,"timeUnit":"1s","duration":"2m","preAllocatedVUs":50},"ramping_vus":{"gracefulRampDown":"1s","startTime":"5.2m","executor":"ramping-vus","startvus":50,"stages":[{"duration":"1m","target":150},{"duration":"1m","target":100},{"target":50,"duration":"1m"},{"duration":"30s","target":0}]}},"root_group":{"checks":[],"name":"","path":"","id":"d41d8cd98f00b204e9800998ecf8427e","groups":[{"name":"setup","path":"::setup","id":"5c0f8025f7e0b6654089e5b00e950f1a","groups":[],"checks":[]},{"name":"teardown","path":"::teardown","id":"a8a9942382e8ffe2e56ef29e664b8229","groups":[],"checks":[]}]},"options":{"summaryTrendStats":["avg","min","med","max","p(90)","p(95)"],"summaryTimeUnit":"","noColor":false},"state":{"isStdOutTTY":true,"isStdErrTTY":true,"testRunDurationMs":523547.244548}}