{"metrics":{"http_req_waiting":{"type":"trend","contains":"time","values":{"avg":128.11170115541063,"min":40.590192,"med":109.271153,"max":5187.28342,"p(90)":128.7296254,"p(95)":183.53199285000008}},"http_req_duration":{"values":{"p(95)":183.98328560000004,"avg":128.52201869324506,"min":40.701071,"med":109.5267385,"max":7364.935672,"p(90)":128.9778718},"type":"trend","contains":"time"},"data_received":{"contains":"data","values":{"count":30097897,"rate":14903.876236898579},"type":"counter"},"iteration_duration":{"type":"trend","contains":"time","values":{"avg":2254.663229818634,"min":138.782173,"med":2243.666363,"max":8835.923835,"p(90)":3365.972050000001,"p(95)":3635.3513179999995}},"dropped_iterations":{"type":"counter","contains":"default","values":{"count":29272,"rate":14.494908571402686}},"http_req_failed":{"values":{"rate":0.000022289089490694304,"passes":2,"fails":89728},"type":"rate","contains":"default"},"http_req_receiving":{"type":"trend","contains":"time","values":{"avg":0.24948483266465477,"min":0.007192,"med":0.091771,"max":503.513529,"p(90)":0.6605720000000002,"p(95)":0.9221079500000011}},"data_sent":{"type":"counter","contains":"data","values":{"count":8350064,"rate":4134.784580669616}},"vus":{"type":"gauge","contains":"default","values":{"value":1,"min":1,"max":202}},"http_req_duration{expected_response:true}":{"type":"trend","contains":"time","values":{"p(95)":183.94996704999994,"avg":128.5205796639943,"min":40.701071,"med":109.5254795,"max":7364.935672,"p(90)":128.9766917}},"http_req_tls_handshaking":{"type":"trend","contains":"time","values":{"med":0,"max":0,"p(90)":0,"p(95)":0,"avg":0,"min":0}},"http_req_blocked":{"type":"trend","contains":"time","values":{"min":0.0007,"med":0.007953,"max":334.512538,"p(90)":0.009951100000000006,"p(95)":0.011820650000000009,"avg":0.15572730797949202}},"http_req_sending":{"type":"trend","contains":"time","values":{"max":7268.714796,"p(90)":0.04431,"p(95)":0.05190420000000001,"avg":0.16083270517106882,"min":0.003006,"med":0.033561}},"iterations":{"type":"counter","contains":"default","values":{"count":44807,"rate":22.18752966516945}},"http_reqs":{"type":"counter","contains":"default","values":{"count":89730,"rate":44.432500208798956}},"http_req_connecting":{"type":"trend","contains":"time","values":{"avg":0.14509180031204724,"min":0,"med":0,"max":334.430377,"p(90)":0,"p(95)":0}},"vus_max":{"values":{"value":400,"min":183,"max":400},"type":"gauge","contains":"default"}},"testScenarios":{"constant_request_rate_50_150":{"timeUnit":"1s","duration":"1m","preAllocatedVUs":50,"maxVUs":150,"startTime":"124s","executor":"constant-arrival-rate","rate":100},"constant_request_rate_50_200":{"executor":"constant-arrival-rate","rate":150,"timeUnit":"1s","duration":"1m","preAllocatedVUs":50,"maxVUs":200,"startTime":"186s"},"constant_request_rate_250":{"executor":"constant-arrival-rate","rate":150,"timeUnit":"1s","duration":"3m","preAllocatedVUs":50,"maxVUs":200,"startTime":"247s"},"constant_request_rate_230":{"timeUnit":"1s","duration":"2m","preAllocatedVUs":50,"maxVUs":150,"startTime":"430s","executor":"constant-arrival-rate","rate":100},"ramping_vus":{"stages":[{"duration":"1m","target":150},{"duration":"1m","target":100},{"duration":"1m","target":50},{"duration":"30s","target":0}],"gracefulRampDown":"1s","startTime":"551s","executor":"ramping-vus","startvus":50},"constant_request_rate_10_100":{"duration":"1m","preAllocatedVUs":10,"maxVUs":64,"startTime":"0s","executor":"constant-arrival-rate","rate":100,"timeUnit":"1s"},"constant_request_rate_50_100":{"preAllocatedVUs":50,"maxVUs":64,"startTime":"62s","executor":"constant-arrival-rate","rate":100,"timeUnit":"1s","duration":"1m"}},"root_group":{"id":"d41d8cd98f00b204e9800998ecf8427e","groups":[{"path":"::setup","id":"5c0f8025f7e0b6654089e5b00e950f1a","groups":[],"checks":[],"name":"setup"},{"path":"::teardown","id":"a8a9942382e8ffe2e56ef29e664b8229","groups":[],"checks":[],"name":"teardown"}],"checks":[],"name":"","path":""},"options":{"summaryTrendStats":["avg","min","med","max","p(90)","p(95)"],"summaryTimeUnit":"","noColor":false},"state":{"testRunDurationMs":2019467.722463,"isStdOutTTY":true,"isStdErrTTY":true}}